order_item_id,order_id,product_id,quantity,unit_price,discount_pct,total_amount
8,1004,71,2,3644.16,0.15,6195.07
9,1004,12,1,6128.06,0.05,5821.66
11,1006,24,2,1965.58,0.10,3538.04
12,1006,65,1,7483.42,0.00,7483.42
13,1006,67,2,8050.25,0.05,15295.47
14,1007,11,3,9107.69,0.00,27323.07
15,1007,71,3,3644.16,0.00,10932.48
16,1008,80,5,452.95,0.05,2151.51
17,1009,80,1,452.95,0.10,407.65
19,1010,8,2,4724.08,0.10,8503.34
20,1010,54,4,8757.65,0.10,31527.54
21,1010,27,3,8787.65,0.15,22408.51
22,1011,66,5,5061.79,0.00,25308.95
23,1011,41,2,5118.67,0.10,9213.61
24,1012,50,5,7240.73,0.10,32583.28
25,1012,32,2,6846.41,0.05,13008.18
26,1013,3,1,7649.11,0.10,6884.20
27,1013,65,4,7483.42,0.00,29933.68
28,1014,61,3,3291.84,0.15,8394.19
29,1014,2,1,1634.15,0.10,1470.74
30,1014,18,3,2668.56,0.20,6404.54
31,1015,25,3,2080.65,0.15,5305.66
32,1015,37,1,1020.98,0.10,918.88
33,1015,65,4,7483.42,0.15,25443.63
34,1016,44,5,574.37,0.05,2728.26
35,1016,19,2,997.72,0.15,1696.12
36,1017,67,4,8050.25,0.00,32201.00
37,1017,78,5,5823.43,0.00,29117.15
38,1018,66,5,5061.79,0.10,22778.06
39,1018,73,3,3759.45,0.10,10150.51
40,1018,3,3,7649.11,0.05,21799.96
41,1019,75,5,857.89,0.00,4289.45
42,1019,7,5,5994.91,0.10,26977.10
43,1019,22,5,6766.14,0.20,27064.56
44,1020,3,4,7649.11,0.05,29066.62
45,1021,8,2,4724.08,0.15,8030.94
46,1021,27,5,8787.65,0.05,41741.34
47,1022,70,3,4568.97,0.20,10965.53
48,1022,34,5,8204.53,0.10,36920.39
49,1023,27,4,8787.65,0.05,33393.07
50,1023,62,3,2681.47,0.15,6837.75
51,1023,36,3,7170.73,0.00,21512.19
52,1024,11,3,9107.69,0.10,24590.76
53,1024,33,4,7739.50,0.00,30958.00
54,1024,26,5,3097.76,0.05,14714.36
55,1025,30,1,6182.84,0.00,6182.84
56,1026,21,4,3232.90,0.20,10345.28
57,1026,61,4,3291.84,0.20,10533.89
58,1026,26,3,3097.76,0.05,8828.62
59,1027,23,4,5182.19,0.00,20728.76
60,1028,73,5,3759.45,0.00,18797.25
61,1028,43,3,8422.93,0.10,22741.91
62,1029,21,4,3232.90,0.20,10345.28
63,1029,33,2,7739.50,0.00,15479.00
64,1030,66,3,5061.79,0.00,15185.37
65,1030,52,1,6709.84,0.00,6709.84
66,1031,58,3,8336.76,0.05,23759.77
67,1032,8,1,4724.08,0.10,4251.67
68,1033,29,2,627.19,0.00,1254.38
69,1033,62,2,2681.47,0.10,4826.65
70,1033,78,3,5823.43,0.10,15723.26
71,1034,47,1,7805.49,0.15,6634.67
72,1034,15,1,3765.20,0.15,3200.42
73,1034,65,2,7483.42,0.15,12721.81
74,1035,12,5,6128.06,0.10,27576.27
75,1035,8,4,4724.08,0.00,18896.32
76,1036,33,1,7739.50,0.20,6191.60
77,1036,28,5,1710.68,0.00,8553.40
78,1037,37,4,1020.98,0.00,4083.92
79,1038,49,1,1285.41,0.20,1028.33
80,1038,70,2,4568.97,0.20,7310.35
81,1039,39,4,9473.85,0.20,30316.32
82,1040,36,2,7170.73,0.20,11473.17
83,1041,13,5,4614.13,0.00,23070.65
84,1042,30,5,6182.84,0.00,30914.20
85,1042,8,2,4724.08,0.15,8030.94
86,1043,67,2,8050.25,0.10,14490.45
87,1044,45,4,4595.29,0.15,15623.99
88,1045,69,4,1204.46,0.00,4817.84
89,1046,54,5,8757.65,0.15,37220.01
90,1046,18,4,2668.56,0.00,10674.24
91,1047,25,1,2080.65,0.05,1976.62
92,1047,49,5,1285.41,0.15,5462.99
93,1047,6,1,868.21,0.00,868.21
94,1048,16,4,7788.75,0.00,31155.00
95,1049,46,3,2707.05,0.05,7715.09
96,1049,47,5,7805.49,0.10,35124.71
97,1049,60,1,3074.74,0.20,2459.79
98,1050,29,2,627.19,0.00,1254.38
99,1050,34,5,8204.53,0.15,34869.25
100,1050,75,4,857.89,0.05,3259.98
101,1051,71,3,3644.16,0.05,10385.86
102,1051,63,4,8647.96,0.10,31132.66
103,1052,70,1,4568.97,0.15,3883.62
104,1053,30,1,6182.84,0.20,4946.27
105,1053,20,1,9682.43,0.00,9682.43
106,1053,65,4,7483.42,0.05,28437.00
107,1054,71,4,3644.16,0.00,14576.64
108,1054,3,5,7649.11,0.20,30596.44
109,1054,36,5,7170.73,0.05,34060.97
110,1055,20,2,9682.43,0.00,19364.86
111,1055,80,5,452.95,0.05,2151.51
112,1055,46,3,2707.05,0.10,7309.04
113,1056,11,1,9107.69,0.00,9107.69
114,1056,52,4,6709.84,0.10,24155.42
115,1056,71,4,3644.16,0.00,14576.64
116,1057,13,5,4614.13,0.00,23070.65
117,1057,30,2,6182.84,0.20,9892.54
118,1057,73,4,3759.45,0.05,14285.91
119,1058,27,5,8787.65,0.00,43938.25
120,1059,70,3,4568.97,0.10,12336.22
5,1002,41,3,5118.67,0.20,12284.81
10,1005,17,3,844.94,0.20,2027.86
4,1002,23,4,5182.19,0.00,20728.76
6,1003,47,5,7805.49,0.00,39027.45
7,1004,74,3,8515.96,0.10,22993.09
121,1059,18,1,2668.56,0.15,2268.28
122,1059,45,1,4595.29,0.00,4595.29
123,1060,35,4,710.36,0.10,2557.30
124,1060,30,3,6182.84,0.15,15766.24
125,1060,49,4,1285.41,0.00,5141.64
126,1061,20,4,9682.43,0.20,30983.78
127,1061,20,4,9682.43,0.05,36793.23
128,1062,14,2,582.59,0.00,1165.18
129,1062,24,4,1965.58,0.10,7076.09
130,1063,77,3,9497.47,0.10,25643.17
131,1063,2,3,1634.15,0.10,4412.21
132,1063,50,1,7240.73,0.20,5792.58
133,1064,39,3,9473.85,0.10,25579.40
134,1064,19,1,997.72,0.00,997.72
135,1065,32,4,6846.41,0.15,23277.79
136,1065,79,2,3279.98,0.10,5903.96
137,1066,43,4,8422.93,0.05,32007.13
138,1066,56,5,3578.06,0.00,17890.30
139,1067,41,3,5118.67,0.20,12284.81
140,1067,63,5,8647.96,0.00,43239.80
141,1068,76,5,9503.78,0.00,47518.90
142,1069,53,4,9542.36,0.00,38169.44
143,1070,77,4,9497.47,0.15,32291.40
144,1070,52,5,6709.84,0.15,28516.82
145,1071,46,2,2707.05,0.20,4331.28
146,1071,79,1,3279.98,0.15,2787.98
147,1071,52,3,6709.84,0.10,18116.57
148,1072,75,5,857.89,0.00,4289.45
149,1072,58,3,8336.76,0.10,22509.25
150,1072,60,5,3074.74,0.20,12298.96
151,1073,15,2,3765.20,0.05,7153.88
152,1074,57,4,633.49,0.05,2407.26
153,1075,22,2,6766.14,0.15,11502.44
154,1076,24,2,1965.58,0.20,3144.93
155,1076,56,4,3578.06,0.00,14312.24
156,1077,36,1,7170.73,0.15,6095.12
157,1078,34,4,8204.53,0.15,27895.40
158,1079,80,2,452.95,0.20,724.72
159,1079,39,5,9473.85,0.15,40263.86
160,1080,24,3,1965.58,0.20,4717.39
161,1081,24,4,1965.58,0.20,6289.86
162,1081,69,2,1204.46,0.15,2047.58
163,1082,7,3,5994.91,0.00,17984.73
164,1082,63,2,8647.96,0.00,17295.92
165,1082,50,5,7240.73,0.15,30773.10
166,1083,11,5,9107.69,0.00,45538.45
167,1084,59,5,8151.68,0.20,32606.72
168,1085,70,1,4568.97,0.20,3655.18
169,1085,57,5,633.49,0.00,3167.45
170,1086,45,1,4595.29,0.10,4135.76
171,1086,16,2,7788.75,0.00,15577.50
172,1087,8,5,4724.08,0.05,22439.38
173,1088,35,5,710.36,0.20,2841.44
174,1088,13,2,4614.13,0.10,8305.43
175,1088,8,3,4724.08,0.20,11337.79
176,1089,51,4,6224.13,0.00,24896.52
177,1089,74,3,8515.96,0.20,20438.30
178,1089,54,4,8757.65,0.10,31527.54
179,1090,42,5,3873.14,0.00,19365.70
180,1090,12,4,6128.06,0.20,19609.79
181,1091,35,3,710.36,0.05,2024.53
182,1091,44,5,574.37,0.15,2441.07
183,1092,59,1,8151.68,0.00,8151.68
184,1092,21,4,3232.90,0.10,11638.44
185,1092,1,4,3639.78,0.00,14559.12
186,1093,11,3,9107.69,0.20,21858.46
187,1093,22,1,6766.14,0.10,6089.53
188,1094,1,2,3639.78,0.10,6551.60
189,1095,44,1,574.37,0.10,516.93
190,1095,17,4,844.94,0.00,3379.76
191,1095,30,4,6182.84,0.00,24731.36
192,1096,19,1,997.72,0.15,848.06
193,1097,20,4,9682.43,0.15,32920.26
194,1098,50,3,7240.73,0.10,19549.97
195,1098,41,2,5118.67,0.00,10237.34
196,1098,36,1,7170.73,0.00,7170.73
197,1099,25,4,2080.65,0.05,7906.47
198,1099,7,2,5994.91,0.10,10790.84
199,1099,50,1,7240.73,0.00,7240.73
200,1100,50,5,7240.73,0.10,32583.28
201,1101,9,1,8349.63,0.05,7932.15
202,1101,28,1,1710.68,0.00,1710.68
203,1101,51,5,6224.13,0.05,29564.62
204,1102,20,3,9682.43,0.00,29047.29
205,1102,40,1,9317.62,0.15,7919.98
206,1102,27,2,8787.65,0.15,14939.00
207,1103,8,2,4724.08,0.00,9448.16
208,1104,18,1,2668.56,0.00,2668.56
209,1105,35,1,710.36,0.00,710.36
210,1105,43,4,8422.93,0.05,32007.13
211,1105,68,1,6103.04,0.05,5797.89
212,1106,48,2,666.94,0.05,1267.19
213,1107,2,2,1634.15,0.00,3268.30
214,1108,42,2,3873.14,0.10,6971.65
215,1109,23,2,5182.19,0.15,8809.72
216,1110,71,4,3644.16,0.00,14576.64
217,1111,64,2,1418.86,0.20,2270.18
218,1111,70,2,4568.97,0.00,9137.94
219,1111,1,4,3639.78,0.00,14559.12
220,1112,40,1,9317.62,0.00,9317.62
221,1112,68,2,6103.04,0.10,10985.47
222,1112,63,1,8647.96,0.00,8647.96
223,1113,11,5,9107.69,0.00,45538.45
224,1113,65,2,7483.42,0.20,11973.47
225,1113,51,1,6224.13,0.15,5290.51
226,1114,51,3,6224.13,0.05,17738.77
227,1114,58,3,8336.76,0.00,25010.28
228,1115,60,3,3074.74,0.10,8301.80
229,1115,16,5,7788.75,0.05,36996.56
230,1116,39,5,9473.85,0.00,47369.25
231,1117,7,3,5994.91,0.05,17085.49
232,1117,23,1,5182.19,0.10,4663.97
233,1117,58,5,8336.76,0.20,33347.04
234,1118,29,2,627.19,0.00,1254.38
235,1119,26,4,3097.76,0.00,12391.04
236,1120,56,4,3578.06,0.10,12881.02
237,1120,4,4,4745.74,0.20,15186.37
238,1120,55,2,2684.77,0.05,5101.06
239,1121,80,5,452.95,0.00,2264.75
240,1121,38,4,9071.00,0.10,32655.60
241,1121,71,4,3644.16,0.00,14576.64
242,1122,70,1,4568.97,0.10,4112.07
243,1123,50,3,7240.73,0.00,21722.19
244,1123,4,3,4745.74,0.15,12101.64
245,1124,30,2,6182.84,0.00,12365.68
246,1124,32,2,6846.41,0.05,13008.18
247,1124,69,1,1204.46,0.00,1204.46
248,1125,46,5,2707.05,0.00,13535.25
249,1125,46,5,2707.05,0.15,11504.96
250,1125,19,5,997.72,0.00,4988.60
251,1126,30,5,6182.84,0.00,30914.20
252,1127,44,2,574.37,0.05,1091.30
253,1128,48,4,666.94,0.15,2267.60
254,1129,63,3,8647.96,0.00,25943.88
255,1129,72,5,2889.64,0.05,13725.79
256,1129,29,5,627.19,0.00,3135.95
257,1130,74,4,8515.96,0.15,28954.26
258,1131,19,3,997.72,0.20,2394.53
259,1131,10,2,4733.57,0.05,8993.78
260,1132,27,2,8787.65,0.20,14060.24
261,1132,9,3,8349.63,0.05,23796.45
262,1133,22,4,6766.14,0.10,24358.10
263,1133,49,3,1285.41,0.15,3277.80
264,1134,38,1,9071.00,0.05,8617.45
265,1135,10,5,4733.57,0.00,23667.85
266,1135,44,5,574.37,0.15,2441.07
267,1135,62,1,2681.47,0.10,2413.32
268,1136,25,4,2080.65,0.20,6658.08
269,1137,74,5,8515.96,0.10,38321.82
270,1137,20,1,9682.43,0.05,9198.31
271,1138,27,2,8787.65,0.20,14060.24
272,1139,34,1,8204.53,0.20,6563.62
273,1139,70,4,4568.97,0.00,18275.88
274,1140,60,3,3074.74,0.00,9224.22
275,1140,35,5,710.36,0.00,3551.80
276,1141,30,5,6182.84,0.00,30914.20
277,1141,50,5,7240.73,0.10,32583.28
278,1141,69,4,1204.46,0.15,4095.16
279,1142,67,5,8050.25,0.20,32201.00
280,1142,80,2,452.95,0.00,905.90
281,1142,58,2,8336.76,0.00,16673.52
282,1143,26,2,3097.76,0.15,5266.19
283,1143,34,3,8204.53,0.20,19690.87
284,1144,2,5,1634.15,0.15,6945.14
285,1144,67,4,8050.25,0.00,32201.00
286,1145,69,3,1204.46,0.10,3252.04
287,1145,34,4,8204.53,0.20,26254.50
288,1146,19,5,997.72,0.15,4240.31
289,1146,52,1,6709.84,0.10,6038.86
290,1147,44,3,574.37,0.05,1636.95
291,1148,57,3,633.49,0.05,1805.45
292,1148,54,5,8757.65,0.20,35030.60
293,1148,12,2,6128.06,0.10,11030.51
294,1149,9,3,8349.63,0.20,20039.11
295,1150,32,1,6846.41,0.10,6161.77
296,1151,51,1,6224.13,0.20,4979.30
297,1151,4,2,4745.74,0.05,9016.91
298,1151,63,5,8647.96,0.10,38915.82
299,1152,12,3,6128.06,0.00,18384.18
300,1152,50,1,7240.73,0.00,7240.73
301,1153,3,1,7649.11,0.10,6884.20
302,1153,17,2,844.94,0.15,1436.40
303,1153,2,2,1634.15,0.05,3104.89
304,1154,33,2,7739.50,0.10,13931.10
305,1154,39,5,9473.85,0.15,40263.86
306,1155,78,3,5823.43,0.05,16596.78
307,1155,14,4,582.59,0.00,2330.36
308,1155,44,3,574.37,0.20,1378.49
309,1156,8,5,4724.08,0.10,21258.36
310,1157,52,4,6709.84,0.20,21471.49
311,1157,5,5,8668.62,0.20,34674.48
312,1158,22,5,6766.14,0.00,33830.70
313,1158,38,1,9071.00,0.10,8163.90
314,1159,29,3,627.19,0.10,1693.41
315,1159,43,3,8422.93,0.05,24005.35
316,1160,10,4,4733.57,0.00,18934.28
317,1160,65,1,7483.42,0.20,5986.74
318,1160,49,5,1285.41,0.05,6105.70
319,1161,59,2,8151.68,0.05,15488.19
320,1161,24,1,1965.58,0.10,1769.02
321,1161,43,2,8422.93,0.05,16003.57
322,1162,12,2,6128.06,0.15,10417.70
323,1162,56,4,3578.06,0.10,12881.02
324,1163,48,1,666.94,0.05,633.59
325,1163,68,2,6103.04,0.00,12206.08
326,1163,1,2,3639.78,0.00,7279.56
327,1164,22,1,6766.14,0.00,6766.14
328,1164,39,3,9473.85,0.10,25579.40
329,1165,22,4,6766.14,0.00,27064.56
330,1166,22,1,6766.14,0.05,6427.83
331,1166,5,4,8668.62,0.20,27739.58
332,1166,33,5,7739.50,0.15,32892.88
333,1167,54,4,8757.65,0.10,31527.54
334,1168,39,4,9473.85,0.20,30316.32
335,1169,80,1,452.95,0.05,430.30
336,1169,15,1,3765.20,0.10,3388.68
337,1169,26,5,3097.76,0.00,15488.80
338,1170,71,4,3644.16,0.00,14576.64
339,1171,64,2,1418.86,0.00,2837.72
340,1171,66,1,5061.79,0.20,4049.43
341,1171,13,3,4614.13,0.20,11073.91
342,1172,6,3,868.21,0.05,2474.40
343,1173,22,3,6766.14,0.05,19283.50
344,1174,52,4,6709.84,0.10,24155.42
345,1175,8,2,4724.08,0.00,9448.16
346,1176,4,2,4745.74,0.10,8542.33
347,1176,63,1,8647.96,0.10,7783.16
348,1176,57,1,633.49,0.00,633.49
349,1177,80,1,452.95,0.10,407.65
350,1177,32,4,6846.41,0.05,26016.36
351,1177,50,2,7240.73,0.15,12309.24
352,1178,63,3,8647.96,0.00,25943.88
353,1179,11,4,9107.69,0.10,32787.68
354,1180,3,1,7649.11,0.10,6884.20
355,1180,53,1,9542.36,0.15,8111.01
356,1180,71,1,3644.16,0.00,3644.16
357,1181,29,4,627.19,0.05,2383.32
358,1182,29,1,627.19,0.05,595.83
359,1182,46,3,2707.05,0.15,6902.98
360,1182,67,3,8050.25,0.20,19320.60
361,1183,79,2,3279.98,0.00,6559.96
362,1183,16,4,7788.75,0.00,31155.00
363,1184,76,1,9503.78,0.10,8553.40
364,1184,59,5,8151.68,0.15,34644.64
365,1184,18,4,2668.56,0.00,10674.24
366,1185,17,1,844.94,0.10,760.45
367,1185,77,5,9497.47,0.05,45112.98
368,1185,65,4,7483.42,0.10,26940.31
369,1186,53,5,9542.36,0.20,38169.44
370,1187,38,3,9071.00,0.20,21770.40
371,1187,17,2,844.94,0.15,1436.40
372,1187,70,3,4568.97,0.20,10965.53
373,1188,2,5,1634.15,0.00,8170.75
374,1188,4,4,4745.74,0.00,18982.96
375,1189,33,2,7739.50,0.00,15479.00
376,1189,38,2,9071.00,0.15,15420.70
377,1189,5,3,8668.62,0.10,23405.27
378,1190,37,1,1020.98,0.10,918.88
379,1190,50,4,7240.73,0.20,23170.34
380,1190,41,5,5118.67,0.00,25593.35
381,1191,48,5,666.94,0.15,2834.50
382,1191,78,2,5823.43,0.20,9317.49
383,1191,25,3,2080.65,0.10,5617.76
384,1192,6,4,868.21,0.05,3299.20
385,1192,72,3,2889.64,0.00,8668.92
386,1193,6,2,868.21,0.05,1649.60
387,1194,41,5,5118.67,0.00,25593.35
388,1195,12,3,6128.06,0.00,18384.18
389,1195,28,3,1710.68,0.05,4875.44
390,1196,31,5,3231.79,0.15,13735.11
391,1196,32,1,6846.41,0.20,5477.13
392,1197,67,3,8050.25,0.15,20528.14
393,1198,13,2,4614.13,0.15,7844.02
394,1199,69,4,1204.46,0.20,3854.27
395,1200,12,1,6128.06,0.00,6128.06
396,1201,58,4,8336.76,0.10,30012.34
397,1201,41,1,5118.67,0.10,4606.80
398,1202,14,3,582.59,0.20,1398.22
399,1202,39,5,9473.85,0.00,47369.25
400,1202,37,4,1020.98,0.10,3675.53
401,1203,51,5,6224.13,0.05,29564.62
402,1204,16,1,7788.75,0.00,7788.75
403,1205,28,4,1710.68,0.20,5474.18
404,1205,66,2,5061.79,0.00,10123.58
405,1206,73,1,3759.45,0.15,3195.53
406,1206,60,5,3074.74,0.00,15373.70
407,1206,38,1,9071.00,0.05,8617.45
408,1207,31,1,3231.79,0.05,3070.20
409,1207,80,1,452.95,0.00,452.95
410,1207,41,4,5118.67,0.10,18427.21
411,1208,55,2,2684.77,0.00,5369.54
412,1208,41,2,5118.67,0.00,10237.34
413,1209,46,3,2707.05,0.10,7309.04
414,1209,71,1,3644.16,0.00,3644.16
415,1210,3,5,7649.11,0.20,30596.44
416,1211,70,4,4568.97,0.20,14620.70
417,1211,20,3,9682.43,0.10,26142.56
418,1211,29,5,627.19,0.20,2508.76
419,1212,31,5,3231.79,0.20,12927.16
420,1213,19,4,997.72,0.05,3791.34
421,1213,6,2,868.21,0.10,1562.78
422,1213,30,1,6182.84,0.05,5873.70
423,1214,6,1,868.21,0.20,694.57
424,1214,42,1,3873.14,0.20,3098.51
425,1215,10,5,4733.57,0.05,22484.46
426,1215,49,2,1285.41,0.15,2185.20
427,1215,52,3,6709.84,0.05,19123.04
428,1216,10,5,4733.57,0.20,18934.28
429,1217,16,2,7788.75,0.10,14019.75
430,1217,43,1,8422.93,0.10,7580.64
431,1217,62,4,2681.47,0.00,10725.88
432,1218,76,2,9503.78,0.00,19007.56
433,1218,66,1,5061.79,0.15,4302.52
434,1218,19,1,997.72,0.00,997.72
435,1219,58,5,8336.76,0.10,37515.42
436,1220,80,5,452.95,0.05,2151.51
437,1221,50,2,7240.73,0.00,14481.46
438,1221,3,2,7649.11,0.15,13003.49
439,1222,5,5,8668.62,0.15,36841.64
440,1222,16,1,7788.75,0.10,7009.88
441,1222,17,5,844.94,0.15,3591.00
442,1223,68,4,6103.04,0.00,24412.16
443,1223,62,4,2681.47,0.05,10189.59
444,1223,76,5,9503.78,0.00,47518.90
445,1224,70,4,4568.97,0.05,17362.09
446,1224,25,1,2080.65,0.20,1664.52
447,1224,1,5,3639.78,0.15,15469.07
448,1225,14,2,582.59,0.10,1048.66
449,1225,75,3,857.89,0.05,2444.99
450,1226,72,4,2889.64,0.00,11558.56
451,1226,48,5,666.94,0.15,2834.50
452,1226,62,3,2681.47,0.05,7642.19
453,1227,21,1,3232.90,0.00,3232.90
454,1227,66,4,5061.79,0.05,19234.80
455,1227,71,5,3644.16,0.20,14576.64
456,1228,56,1,3578.06,0.00,3578.06
457,1228,34,2,8204.53,0.05,15588.61
458,1228,11,5,9107.69,0.00,45538.45
459,1229,57,1,633.49,0.00,633.49
460,1229,67,3,8050.25,0.00,24150.75
461,1230,1,2,3639.78,0.00,7279.56
462,1231,9,1,8349.63,0.15,7097.19
463,1232,25,4,2080.65,0.10,7490.34
464,1232,74,1,8515.96,0.05,8090.16
465,1232,23,4,5182.19,0.15,17619.45
466,1233,33,5,7739.50,0.15,32892.88
467,1233,33,4,7739.50,0.10,27862.20
468,1233,73,4,3759.45,0.00,15037.80
469,1234,9,4,8349.63,0.20,26718.82
470,1234,29,2,627.19,0.05,1191.66
471,1235,52,3,6709.84,0.00,20129.52
472,1236,25,4,2080.65,0.20,6658.08
473,1237,32,5,6846.41,0.05,32520.45
474,1238,62,3,2681.47,0.15,6837.75
475,1239,36,4,7170.73,0.00,28682.92
476,1239,74,2,8515.96,0.00,17031.92
477,1239,68,4,6103.04,0.10,21970.94
478,1240,67,4,8050.25,0.05,30590.95
479,1240,2,1,1634.15,0.20,1307.32
480,1240,27,4,8787.65,0.15,29878.01
481,1241,35,4,710.36,0.15,2415.22
482,1242,48,3,666.94,0.10,1800.74
483,1242,36,4,7170.73,0.00,28682.92
484,1242,74,2,8515.96,0.15,14477.13
485,1243,26,2,3097.76,0.20,4956.42
486,1243,20,4,9682.43,0.00,38729.72
487,1244,72,5,2889.64,0.00,14448.20
488,1244,51,1,6224.13,0.20,4979.30
489,1245,43,3,8422.93,0.05,24005.35
490,1245,47,5,7805.49,0.15,33173.33
491,1245,33,3,7739.50,0.00,23218.50
492,1246,66,4,5061.79,0.20,16197.73
493,1246,58,1,8336.76,0.10,7503.08
494,1247,79,5,3279.98,0.10,14759.91
495,1247,10,1,4733.57,0.00,4733.57
496,1247,44,2,574.37,0.05,1091.30
497,1248,76,5,9503.78,0.10,42767.01
498,1248,53,2,9542.36,0.00,19084.72
499,1249,51,1,6224.13,0.00,6224.13
500,1250,14,3,582.59,0.15,1485.60
501,1251,37,4,1020.98,0.20,3267.14
502,1251,17,2,844.94,0.15,1436.40
503,1251,22,1,6766.14,0.00,6766.14
504,1252,70,2,4568.97,0.15,7767.25
505,1253,30,1,6182.84,0.10,5564.56
506,1253,40,3,9317.62,0.10,25157.57
507,1253,34,2,8204.53,0.05,15588.61
508,1254,2,4,1634.15,0.10,5882.94
509,1254,39,1,9473.85,0.10,8526.47
510,1254,38,5,9071.00,0.00,45355.00
511,1255,32,2,6846.41,0.20,10954.26
512,1255,50,4,7240.73,0.00,28962.92
513,1256,25,1,2080.65,0.00,2080.65
514,1256,18,3,2668.56,0.00,8005.68
515,1257,20,1,9682.43,0.15,8230.07
516,1258,2,2,1634.15,0.00,3268.30
517,1258,20,1,9682.43,0.10,8714.19
518,1259,5,3,8668.62,0.00,26005.86
519,1259,19,1,997.72,0.05,947.83
520,1259,51,1,6224.13,0.15,5290.51
521,1260,32,4,6846.41,0.10,24647.08
522,1260,32,1,6846.41,0.00,6846.41
523,1260,59,1,8151.68,0.15,6928.93
524,1261,6,5,868.21,0.15,3689.89
525,1261,16,3,7788.75,0.10,21029.62
526,1261,39,2,9473.85,0.05,18000.31
527,1262,22,3,6766.14,0.15,17253.66
528,1263,61,5,3291.84,0.00,16459.20
529,1263,48,1,666.94,0.00,666.94
530,1263,21,4,3232.90,0.00,12931.60
531,1264,14,2,582.59,0.10,1048.66
532,1264,30,3,6182.84,0.15,15766.24
533,1264,45,4,4595.29,0.20,14704.93
534,1265,63,4,8647.96,0.15,29403.06
535,1266,45,3,4595.29,0.20,11028.70
536,1266,60,3,3074.74,0.15,7840.59
537,1266,71,2,3644.16,0.00,7288.32
538,1267,65,4,7483.42,0.20,23946.94
539,1267,24,1,1965.58,0.15,1670.74
540,1267,47,5,7805.49,0.00,39027.45
541,1268,71,2,3644.16,0.15,6195.07
542,1268,37,3,1020.98,0.10,2756.65
543,1269,26,1,3097.76,0.10,2787.98
544,1270,47,2,7805.49,0.15,13269.33
545,1271,47,5,7805.49,0.20,31221.96
546,1272,10,3,4733.57,0.00,14200.71
547,1272,28,5,1710.68,0.00,8553.40
548,1272,13,2,4614.13,0.15,7844.02
549,1273,54,1,8757.65,0.20,7006.12
550,1273,74,3,8515.96,0.20,20438.30
551,1273,59,4,8151.68,0.00,32606.72
552,1274,57,3,633.49,0.05,1805.45
553,1274,71,3,3644.16,0.05,10385.86
554,1274,53,4,9542.36,0.20,30535.55
555,1275,58,4,8336.76,0.10,30012.34
556,1275,1,1,3639.78,0.05,3457.79
557,1276,41,1,5118.67,0.20,4094.94
558,1277,20,2,9682.43,0.05,18396.62
559,1277,47,5,7805.49,0.00,39027.45
560,1278,10,3,4733.57,0.10,12780.64
561,1278,23,4,5182.19,0.20,16583.01
562,1278,74,1,8515.96,0.15,7238.57
563,1279,45,4,4595.29,0.10,16543.04
564,1279,16,2,7788.75,0.20,12462.00
565,1280,41,5,5118.67,0.15,21754.35
566,1281,77,5,9497.47,0.15,40364.25
567,1281,12,2,6128.06,0.10,11030.51
568,1282,7,5,5994.91,0.10,26977.10
569,1282,34,1,8204.53,0.10,7384.08
570,1282,65,4,7483.42,0.20,23946.94
571,1283,26,5,3097.76,0.15,13165.48
572,1283,68,2,6103.04,0.00,12206.08
573,1283,10,3,4733.57,0.10,12780.64
574,1284,45,2,4595.29,0.05,8731.05
575,1284,45,5,4595.29,0.20,18381.16
576,1285,30,2,6182.84,0.20,9892.54
577,1286,19,3,997.72,0.00,2993.16
578,1286,44,1,574.37,0.05,545.65
579,1286,58,4,8336.76,0.00,33347.04
580,1287,71,4,3644.16,0.15,12390.14
581,1287,19,1,997.72,0.10,897.95
582,1288,60,1,3074.74,0.00,3074.74
583,1289,50,2,7240.73,0.10,13033.31
584,1289,66,1,5061.79,0.05,4808.70
585,1289,63,5,8647.96,0.15,36753.83
586,1290,40,3,9317.62,0.10,25157.57
587,1290,51,2,6224.13,0.00,12448.26
588,1290,45,3,4595.29,0.05,13096.58
589,1291,72,3,2889.64,0.00,8668.92
590,1292,79,2,3279.98,0.10,5903.96
591,1292,31,5,3231.79,0.00,16158.95
592,1292,55,3,2684.77,0.15,6846.16
593,1293,26,2,3097.76,0.05,5885.74
594,1293,68,2,6103.04,0.10,10985.47
595,1293,19,5,997.72,0.00,4988.60
596,1294,4,3,4745.74,0.10,12813.50
597,1294,53,3,9542.36,0.10,25764.37
598,1294,36,2,7170.73,0.00,14341.46
599,1295,77,2,9497.47,0.00,18994.94
600,1296,48,2,666.94,0.10,1200.49
601,1296,63,4,8647.96,0.00,34591.84
602,1297,53,2,9542.36,0.20,15267.78
603,1297,26,2,3097.76,0.00,6195.52
604,1298,52,1,6709.84,0.15,5703.36
605,1298,49,3,1285.41,0.10,3470.61
606,1299,69,4,1204.46,0.20,3854.27
607,1299,6,5,868.21,0.10,3906.95
608,1299,67,1,8050.25,0.00,8050.25
609,1300,38,5,9071.00,0.00,45355.00
610,1300,67,2,8050.25,0.10,14490.45
611,1301,51,4,6224.13,0.05,23651.69
612,1302,42,2,3873.14,0.20,6197.02
613,1302,16,1,7788.75,0.00,7788.75
614,1303,49,5,1285.41,0.10,5784.35
615,1304,7,4,5994.91,0.05,22780.66
616,1304,40,4,9317.62,0.05,35406.96
617,1304,24,1,1965.58,0.00,1965.58
618,1305,70,1,4568.97,0.15,3883.62
619,1305,64,2,1418.86,0.00,2837.72
620,1306,36,5,7170.73,0.20,28682.92
621,1306,72,2,2889.64,0.00,5779.28
622,1306,24,2,1965.58,0.00,3931.16
623,1307,14,4,582.59,0.00,2330.36
624,1308,12,3,6128.06,0.05,17464.97
625,1309,16,3,7788.75,0.05,22197.94
626,1310,68,1,6103.04,0.10,5492.74
627,1310,78,3,5823.43,0.10,15723.26
628,1310,78,3,5823.43,0.05,16596.78
629,1311,30,3,6182.84,0.00,18548.52
630,1311,1,1,3639.78,0.00,3639.78
631,1311,60,1,3074.74,0.20,2459.79
632,1312,28,1,1710.68,0.20,1368.54
633,1312,26,3,3097.76,0.05,8828.62
634,1312,9,3,8349.63,0.05,23796.45
635,1313,79,1,3279.98,0.00,3279.98
636,1313,25,3,2080.65,0.05,5929.85
637,1313,62,4,2681.47,0.00,10725.88
638,1314,8,5,4724.08,0.05,22439.38
639,1314,73,3,3759.45,0.15,9586.60
640,1314,69,1,1204.46,0.00,1204.46
641,1315,69,2,1204.46,0.15,2047.58
642,1315,78,4,5823.43,0.00,23293.72
643,1316,64,2,1418.86,0.05,2695.83
644,1317,26,1,3097.76,0.10,2787.98
645,1318,68,3,6103.04,0.05,17393.66
646,1318,19,1,997.72,0.15,848.06
647,1318,17,2,844.94,0.20,1351.90
648,1319,77,1,9497.47,0.05,9022.60
649,1319,60,1,3074.74,0.00,3074.74
650,1319,67,3,8050.25,0.00,24150.75
651,1320,69,3,1204.46,0.10,3252.04
652,1320,16,3,7788.75,0.00,23366.25
653,1321,71,3,3644.16,0.05,10385.86
654,1321,19,3,997.72,0.15,2544.19
655,1322,17,1,844.94,0.10,760.45
656,1323,77,5,9497.47,0.20,37989.88
657,1324,11,4,9107.69,0.15,30966.15
658,1324,17,1,844.94,0.20,675.95
659,1324,60,1,3074.74,0.10,2767.27
660,1325,79,3,3279.98,0.05,9347.94
661,1326,9,4,8349.63,0.00,33398.52
662,1327,66,1,5061.79,0.10,4555.61
663,1328,76,4,9503.78,0.00,38015.12
664,1328,80,2,452.95,0.15,770.01
665,1329,56,4,3578.06,0.15,12165.40
666,1329,44,5,574.37,0.20,2297.48
667,1329,31,2,3231.79,0.20,5170.86
668,1330,13,4,4614.13,0.00,18456.52
669,1330,40,4,9317.62,0.00,37270.48
670,1330,77,1,9497.47,0.20,7597.98
671,1331,1,2,3639.78,0.20,5823.65
672,1331,20,4,9682.43,0.15,32920.26
673,1331,38,4,9071.00,0.15,30841.40
674,1332,45,1,4595.29,0.15,3906.00
675,1332,2,5,1634.15,0.15,6945.14
676,1333,72,3,2889.64,0.00,8668.92
677,1334,52,4,6709.84,0.10,24155.42
678,1334,70,2,4568.97,0.20,7310.35
679,1335,20,3,9682.43,0.20,23237.83
680,1335,17,2,844.94,0.00,1689.88
681,1336,18,4,2668.56,0.10,9606.82
682,1337,50,3,7240.73,0.00,21722.19
683,1337,24,4,1965.58,0.15,6682.97
684,1338,47,1,7805.49,0.00,7805.49
685,1338,73,4,3759.45,0.20,12030.24
686,1338,48,1,666.94,0.15,566.90
687,1339,67,5,8050.25,0.00,40251.25
688,1340,2,4,1634.15,0.10,5882.94
689,1340,66,4,5061.79,0.15,17210.09
690,1340,43,4,8422.93,0.05,32007.13
691,1341,61,5,3291.84,0.00,16459.20
692,1342,65,1,7483.42,0.05,7109.25
693,1343,15,5,3765.20,0.00,18826.00
694,1343,76,2,9503.78,0.20,15206.05
695,1343,58,3,8336.76,0.00,25010.28
696,1344,11,2,9107.69,0.15,15483.07
697,1344,20,4,9682.43,0.10,34856.75
698,1345,45,1,4595.29,0.20,3676.23
699,1345,34,1,8204.53,0.00,8204.53
700,1345,22,4,6766.14,0.10,24358.10
701,1346,19,5,997.72,0.10,4489.74
702,1346,2,3,1634.15,0.10,4412.21
703,1347,56,5,3578.06,0.20,14312.24
704,1347,35,3,710.36,0.05,2024.53
705,1348,25,5,2080.65,0.05,9883.09
706,1348,24,3,1965.58,0.15,5012.23
707,1348,2,1,1634.15,0.00,1634.15
708,1349,37,3,1020.98,0.00,3062.94
709,1349,5,1,8668.62,0.15,7368.33
710,1349,12,1,6128.06,0.15,5208.85
711,1350,49,5,1285.41,0.00,6427.05
712,1351,59,3,8151.68,0.10,22009.54
713,1352,43,1,8422.93,0.05,8001.78
714,1352,34,2,8204.53,0.10,14768.15
715,1353,70,4,4568.97,0.00,18275.88
716,1354,74,3,8515.96,0.10,22993.09
717,1355,43,4,8422.93,0.15,28637.96
718,1356,9,5,8349.63,0.00,41748.15
719,1356,1,4,3639.78,0.20,11647.30
720,1356,62,1,2681.47,0.15,2279.25
721,1357,12,3,6128.06,0.15,15626.55
722,1357,44,1,574.37,0.10,516.93
723,1357,38,2,9071.00,0.00,18142.00
724,1358,46,4,2707.05,0.00,10828.20
725,1358,57,2,633.49,0.00,1266.98
726,1358,5,2,8668.62,0.00,17337.24
727,1359,3,1,7649.11,0.05,7266.65
728,1359,8,3,4724.08,0.20,11337.79
729,1360,75,2,857.89,0.00,1715.78
730,1360,5,2,8668.62,0.10,15603.52
731,1360,3,4,7649.11,0.15,26006.97
732,1361,40,1,9317.62,0.10,8385.86
733,1362,29,1,627.19,0.00,627.19
734,1362,55,3,2684.77,0.20,6443.45
735,1362,52,3,6709.84,0.00,20129.52
736,1363,36,2,7170.73,0.10,12907.31
737,1364,6,2,868.21,0.00,1736.42
738,1364,79,4,3279.98,0.00,13119.92
739,1364,3,4,7649.11,0.00,30596.44
740,1365,17,2,844.94,0.00,1689.88
741,1365,35,5,710.36,0.10,3196.62
742,1366,39,3,9473.85,0.10,25579.40
743,1367,47,5,7805.49,0.15,33173.33
744,1367,29,4,627.19,0.20,2007.01
745,1367,27,3,8787.65,0.00,26362.95
746,1368,6,1,868.21,0.20,694.57
747,1368,47,3,7805.49,0.00,23416.47
748,1368,56,3,3578.06,0.05,10197.47
749,1369,66,1,5061.79,0.00,5061.79
750,1369,31,4,3231.79,0.15,10988.09
751,1370,13,2,4614.13,0.20,7382.61
752,1371,7,4,5994.91,0.00,23979.64
753,1371,28,5,1710.68,0.10,7698.06
754,1372,35,2,710.36,0.05,1349.68
755,1372,17,1,844.94,0.20,675.95
756,1373,44,2,574.37,0.05,1091.30
757,1374,63,2,8647.96,0.15,14701.53
758,1374,61,4,3291.84,0.05,12508.99
759,1374,2,4,1634.15,0.20,5229.28
760,1375,54,1,8757.65,0.00,8757.65
761,1376,13,4,4614.13,0.10,16610.87
762,1376,31,1,3231.79,0.15,2747.02
763,1377,31,1,3231.79,0.00,3231.79
764,1377,62,3,2681.47,0.00,8044.41
765,1378,52,2,6709.84,0.05,12748.70
766,1378,60,1,3074.74,0.20,2459.79
767,1378,10,4,4733.57,0.20,15147.42
768,1379,74,2,8515.96,0.20,13625.54
769,1379,11,5,9107.69,0.05,43261.53
770,1379,8,5,4724.08,0.20,18896.32
771,1380,47,3,7805.49,0.00,23416.47
772,1381,15,4,3765.20,0.20,12048.64
773,1381,75,2,857.89,0.20,1372.62
774,1381,29,3,627.19,0.05,1787.49
775,1382,45,4,4595.29,0.10,16543.04
776,1382,65,5,7483.42,0.00,37417.10
777,1383,59,1,8151.68,0.00,8151.68
778,1384,19,4,997.72,0.00,3990.88
779,1385,17,4,844.94,0.05,3210.77
780,1385,54,4,8757.65,0.20,28024.48
781,1385,3,3,7649.11,0.00,22947.33
782,1386,42,4,3873.14,0.15,13168.68
783,1386,68,5,6103.04,0.10,27463.68
784,1386,59,3,8151.68,0.15,20786.78
785,1387,7,2,5994.91,0.05,11390.33
786,1387,37,4,1020.98,0.00,4083.92
787,1388,20,2,9682.43,0.00,19364.86
788,1388,15,1,3765.20,0.05,3576.94
789,1388,74,2,8515.96,0.10,15328.73
790,1389,48,4,666.94,0.15,2267.60
791,1390,19,4,997.72,0.05,3791.34
792,1390,20,1,9682.43,0.20,7745.94
793,1391,19,5,997.72,0.20,3990.88
794,1391,57,3,633.49,0.20,1520.38
795,1391,15,4,3765.20,0.00,15060.80
796,1392,29,4,627.19,0.05,2383.32
797,1392,12,3,6128.06,0.00,18384.18
798,1392,78,2,5823.43,0.15,9899.83
799,1393,12,5,6128.06,0.10,27576.27
800,1393,25,4,2080.65,0.05,7906.47
801,1393,78,5,5823.43,0.15,24749.58
802,1394,48,1,666.94,0.05,633.59
803,1394,45,3,4595.29,0.05,13096.58
804,1395,21,4,3232.90,0.20,10345.28
805,1395,54,2,8757.65,0.15,14888.00
806,1396,76,4,9503.78,0.00,38015.12
807,1397,73,2,3759.45,0.00,7518.90
808,1397,24,4,1965.58,0.05,7469.20
809,1398,4,1,4745.74,0.00,4745.74
810,1399,63,2,8647.96,0.00,17295.92
811,1400,56,3,3578.06,0.20,8587.34
812,1400,61,1,3291.84,0.05,3127.25
813,1400,66,5,5061.79,0.00,25308.95
814,1401,18,3,2668.56,0.00,8005.68
815,1401,7,3,5994.91,0.05,17085.49
816,1401,54,3,8757.65,0.00,26272.95
817,1402,77,2,9497.47,0.15,16145.70
818,1403,75,3,857.89,0.00,2573.67
819,1403,2,2,1634.15,0.15,2778.06
820,1403,37,3,1020.98,0.10,2756.65
821,1404,25,5,2080.65,0.15,8842.76
822,1405,45,3,4595.29,0.20,11028.70
823,1405,47,2,7805.49,0.10,14049.88
824,1406,19,2,997.72,0.05,1895.67
825,1407,62,4,2681.47,0.00,10725.88
826,1408,9,3,8349.63,0.20,20039.11
827,1409,12,2,6128.06,0.20,9804.90
828,1410,65,5,7483.42,0.00,37417.10
829,1411,1,1,3639.78,0.00,3639.78
830,1411,65,4,7483.42,0.05,28437.00
831,1411,76,2,9503.78,0.10,17106.80
832,1412,53,1,9542.36,0.05,9065.24
833,1413,72,1,2889.64,0.00,2889.64
834,1413,42,4,3873.14,0.00,15492.56
835,1414,38,4,9071.00,0.00,36284.00
836,1414,9,4,8349.63,0.20,26718.82
837,1415,11,1,9107.69,0.00,9107.69
838,1415,51,4,6224.13,0.20,19917.22
839,1415,76,1,9503.78,0.20,7603.02
840,1416,16,2,7788.75,0.10,14019.75
841,1416,64,3,1418.86,0.20,3405.26
842,1417,36,2,7170.73,0.10,12907.31
843,1417,14,1,582.59,0.05,553.46
844,1417,63,4,8647.96,0.00,34591.84
845,1418,23,4,5182.19,0.15,17619.45
846,1419,26,3,3097.76,0.20,7434.62
847,1419,64,4,1418.86,0.15,4824.12
848,1420,58,3,8336.76,0.10,22509.25
849,1420,57,4,633.49,0.00,2533.96
850,1421,40,4,9317.62,0.10,33543.43
851,1422,65,1,7483.42,0.10,6735.08
852,1423,4,5,4745.74,0.00,23728.70
853,1424,45,3,4595.29,0.10,12407.28
854,1424,45,1,4595.29,0.20,3676.23
855,1425,44,2,574.37,0.00,1148.74
856,1426,61,5,3291.84,0.00,16459.20
857,1426,41,4,5118.67,0.15,17403.48
858,1426,50,3,7240.73,0.15,18463.86
859,1427,44,2,574.37,0.15,976.43
860,1427,39,3,9473.85,0.10,25579.40
861,1427,26,4,3097.76,0.20,9912.83
862,1428,52,2,6709.84,0.15,11406.73
863,1428,12,5,6128.06,0.00,30640.30
864,1428,76,3,9503.78,0.05,27085.77
865,1429,39,5,9473.85,0.05,45000.79
866,1430,80,5,452.95,0.10,2038.28
867,1430,71,2,3644.16,0.00,7288.32
868,1431,56,5,3578.06,0.20,14312.24
869,1431,8,5,4724.08,0.00,23620.40
870,1431,47,4,7805.49,0.00,31221.96
871,1432,27,4,8787.65,0.05,33393.07
872,1433,20,2,9682.43,0.00,19364.86
873,1434,21,3,3232.90,0.00,9698.70
874,1435,8,1,4724.08,0.05,4487.88
875,1436,18,2,2668.56,0.00,5337.12
876,1436,74,5,8515.96,0.00,42579.80
877,1436,67,5,8050.25,0.15,34213.56
878,1437,50,2,7240.73,0.10,13033.31
879,1437,28,2,1710.68,0.00,3421.36
880,1437,23,2,5182.19,0.05,9846.16
881,1438,15,3,3765.20,0.15,9601.26
882,1438,55,4,2684.77,0.20,8591.26
883,1438,32,3,6846.41,0.00,20539.23
884,1439,7,2,5994.91,0.05,11390.33
885,1440,50,1,7240.73,0.10,6516.66
886,1440,33,3,7739.50,0.00,23218.50
887,1441,53,1,9542.36,0.05,9065.24
888,1441,11,4,9107.69,0.10,32787.68
889,1441,53,3,9542.36,0.20,22901.66
890,1442,71,3,3644.16,0.10,9839.23
891,1442,4,1,4745.74,0.20,3796.59
892,1442,24,4,1965.58,0.20,6289.86
893,1443,21,2,3232.90,0.15,5495.93
894,1444,18,3,2668.56,0.00,8005.68
895,1444,76,3,9503.78,0.05,27085.77
896,1444,26,1,3097.76,0.10,2787.98
897,1445,79,2,3279.98,0.00,6559.96
898,1445,60,2,3074.74,0.05,5842.01
899,1445,22,1,6766.14,0.10,6089.53
900,1446,16,1,7788.75,0.20,6231.00
901,1446,68,4,6103.04,0.10,21970.94
902,1446,64,1,1418.86,0.00,1418.86
903,1447,27,5,8787.65,0.00,43938.25
904,1447,37,2,1020.98,0.10,1837.76
905,1448,58,2,8336.76,0.05,15839.84
906,1448,75,4,857.89,0.00,3431.56
907,1448,2,4,1634.15,0.00,6536.60
908,1449,13,5,4614.13,0.00,23070.65
909,1450,65,5,7483.42,0.10,33675.39
910,1450,39,4,9473.85,0.20,30316.32
911,1451,64,3,1418.86,0.10,3830.92
912,1451,17,1,844.94,0.05,802.69
913,1451,68,4,6103.04,0.00,24412.16
914,1452,47,4,7805.49,0.05,29660.86
915,1452,34,5,8204.53,0.05,38971.52
916,1452,67,3,8050.25,0.10,21735.67
917,1453,25,2,2080.65,0.00,4161.30
918,1454,56,1,3578.06,0.10,3220.25
919,1454,6,4,868.21,0.05,3299.20
920,1455,27,3,8787.65,0.00,26362.95
921,1456,68,5,6103.04,0.00,30515.20
922,1457,16,4,7788.75,0.05,29597.25
923,1457,76,1,9503.78,0.05,9028.59
924,1458,77,1,9497.47,0.05,9022.60
925,1458,6,5,868.21,0.10,3906.95
926,1459,42,1,3873.14,0.20,3098.51
927,1459,10,5,4733.57,0.15,20117.67
928,1460,12,1,6128.06,0.00,6128.06
929,1460,21,4,3232.90,0.10,11638.44
930,1461,40,5,9317.62,0.00,46588.10
931,1461,46,1,2707.05,0.05,2571.70
932,1462,55,1,2684.77,0.10,2416.29
933,1462,48,5,666.94,0.00,3334.70
934,1462,56,4,3578.06,0.00,14312.24
935,1463,68,5,6103.04,0.00,30515.20
936,1463,38,4,9071.00,0.10,32655.60
937,1464,55,3,2684.77,0.15,6846.16
938,1464,7,5,5994.91,0.00,29974.55
939,1464,6,5,868.21,0.00,4341.05
940,1465,11,5,9107.69,0.00,45538.45
941,1465,15,4,3765.20,0.00,15060.80
942,1465,24,4,1965.58,0.00,7862.32
943,1466,80,3,452.95,0.05,1290.91
944,1466,24,2,1965.58,0.00,3931.16
945,1467,51,1,6224.13,0.00,6224.13
946,1468,79,3,3279.98,0.20,7871.95
947,1468,51,3,6224.13,0.00,18672.39
948,1468,17,2,844.94,0.00,1689.88
949,1469,19,2,997.72,0.10,1795.90
950,1469,69,2,1204.46,0.00,2408.92
951,1469,39,4,9473.85,0.00,37895.40
952,1470,57,4,633.49,0.10,2280.56
953,1470,3,4,7649.11,0.15,26006.97
954,1470,32,2,6846.41,0.05,13008.18
955,1471,75,5,857.89,0.20,3431.56
956,1471,71,3,3644.16,0.00,10932.48
957,1472,74,3,8515.96,0.15,21715.70
958,1472,9,3,8349.63,0.20,20039.11
959,1473,21,3,3232.90,0.20,7758.96
960,1474,44,5,574.37,0.20,2297.48
961,1474,60,2,3074.74,0.05,5842.01
962,1474,50,4,7240.73,0.20,23170.34
963,1475,23,2,5182.19,0.00,10364.38
964,1476,7,1,5994.91,0.05,5695.16
965,1476,34,3,8204.53,0.20,19690.87
966,1476,21,2,3232.90,0.15,5495.93
967,1477,29,4,627.19,0.05,2383.32
968,1477,44,3,574.37,0.00,1723.11
969,1477,72,3,2889.64,0.00,8668.92
970,1478,79,1,3279.98,0.15,2787.98
971,1478,6,5,868.21,0.00,4341.05
972,1478,22,1,6766.14,0.00,6766.14
973,1479,13,2,4614.13,0.20,7382.61
974,1479,47,3,7805.49,0.00,23416.47
975,1479,16,2,7788.75,0.10,14019.75
976,1480,11,3,9107.69,0.05,25956.92
977,1481,18,4,2668.56,0.10,9606.82
978,1482,67,1,8050.25,0.00,8050.25
979,1483,20,5,9682.43,0.00,48412.15
980,1484,68,5,6103.04,0.00,30515.20
981,1484,52,4,6709.84,0.20,21471.49
982,1485,39,1,9473.85,0.00,9473.85
983,1486,71,3,3644.16,0.15,9292.61
984,1486,44,2,574.37,0.00,1148.74
985,1486,4,5,4745.74,0.15,20169.39
986,1487,34,5,8204.53,0.05,38971.52
987,1487,16,1,7788.75,0.20,6231.00
988,1488,75,5,857.89,0.20,3431.56
989,1488,69,5,1204.46,0.00,6022.30
990,1488,45,3,4595.29,0.05,13096.58
991,1489,25,3,2080.65,0.10,5617.76
992,1489,13,2,4614.13,0.20,7382.61
993,1489,55,4,2684.77,0.00,10739.08
994,1490,48,5,666.94,0.10,3001.23
995,1491,54,2,8757.65,0.00,17515.30
996,1491,65,2,7483.42,0.10,13470.16
997,1492,21,5,3232.90,0.05,15356.27
998,1493,6,5,868.21,0.00,4341.05
999,1493,16,3,7788.75,0.05,22197.94
1000,1494,54,1,8757.65,0.05,8319.77
1001,1494,37,2,1020.98,0.00,2041.96
1002,1494,63,1,8647.96,0.00,8647.96
1003,1495,58,3,8336.76,0.10,22509.25
1004,1495,61,5,3291.84,0.00,16459.20
1005,1495,18,5,2668.56,0.20,10674.24
1006,1496,80,4,452.95,0.10,1630.62
1007,1496,30,4,6182.84,0.05,23494.79
1008,1496,70,1,4568.97,0.20,3655.18
1009,1497,16,5,7788.75,0.00,38943.75
1010,1497,25,5,2080.65,0.15,8842.76
1011,1497,74,1,8515.96,0.15,7238.57
1012,1498,36,2,7170.73,0.00,14341.46
1013,1499,44,4,574.37,0.00,2297.48
1014,1500,13,5,4614.13,0.00,23070.65
1015,1501,22,1,6766.14,0.15,5751.22
1016,1501,42,2,3873.14,0.00,7746.28
1017,1502,34,4,8204.53,0.00,32818.12
1018,1502,7,2,5994.91,0.00,11989.82
1019,1503,60,5,3074.74,0.10,13836.33
1020,1503,9,4,8349.63,0.00,33398.52
1021,1504,13,2,4614.13,0.15,7844.02
1022,1504,17,3,844.94,0.15,2154.60
1023,1504,53,4,9542.36,0.00,38169.44
1024,1505,58,1,8336.76,0.00,8336.76
1025,1505,60,5,3074.74,0.05,14605.01
1026,1505,22,1,6766.14,0.00,6766.14
1027,1506,28,5,1710.68,0.15,7270.39
1028,1506,37,1,1020.98,0.00,1020.98
1029,1506,69,5,1204.46,0.00,6022.30
1030,1507,27,5,8787.65,0.15,37347.51
1031,1507,41,3,5118.67,0.20,12284.81
1032,1508,59,5,8151.68,0.05,38720.48
1033,1509,23,4,5182.19,0.15,17619.45
1034,1509,63,4,8647.96,0.15,29403.06
1035,1509,11,1,9107.69,0.15,7741.54
1036,1510,46,4,2707.05,0.00,10828.20
1037,1510,2,1,1634.15,0.10,1470.74
1038,1510,48,2,666.94,0.10,1200.49
1039,1511,79,3,3279.98,0.20,7871.95
1040,1512,78,2,5823.43,0.00,11646.86
1041,1512,26,4,3097.76,0.00,12391.04
1042,1512,36,5,7170.73,0.15,30475.60
1043,1513,9,2,8349.63,0.05,15864.30
1044,1514,69,5,1204.46,0.05,5721.18
1045,1514,72,4,2889.64,0.00,11558.56
1046,1514,55,1,2684.77,0.05,2550.53
1047,1515,6,2,868.21,0.00,1736.42
1048,1515,36,4,7170.73,0.15,24380.48
1049,1515,58,3,8336.76,0.00,25010.28
1050,1516,32,2,6846.41,0.00,13692.82
1051,1517,76,3,9503.78,0.05,27085.77
1052,1518,31,1,3231.79,0.15,2747.02
1053,1518,80,4,452.95,0.00,1811.80
1054,1518,58,5,8336.76,0.00,41683.80
1055,1519,57,1,633.49,0.05,601.82
1056,1520,13,5,4614.13,0.10,20763.59
1057,1520,30,5,6182.84,0.20,24731.36
1058,1521,4,4,4745.74,0.15,16135.52
1059,1521,43,5,8422.93,0.00,42114.65
1060,1521,14,1,582.59,0.00,582.59
1061,1522,80,4,452.95,0.00,1811.80
1062,1522,32,2,6846.41,0.00,13692.82
1063,1523,19,2,997.72,0.10,1795.90
1064,1523,40,5,9317.62,0.05,44258.70
1065,1523,38,3,9071.00,0.00,27213.00
1066,1524,26,1,3097.76,0.05,2942.87
1067,1525,79,3,3279.98,0.10,8855.95
1068,1525,43,2,8422.93,0.00,16845.86
1069,1526,80,2,452.95,0.00,905.90
1070,1526,62,3,2681.47,0.20,6435.53
1071,1527,46,1,2707.05,0.15,2300.99
1072,1528,4,2,4745.74,0.00,9491.48
1073,1529,23,2,5182.19,0.00,10364.38
1074,1530,27,3,8787.65,0.10,23726.65
1075,1530,31,3,3231.79,0.05,9210.60
1076,1531,25,2,2080.65,0.15,3537.11
1077,1532,76,2,9503.78,0.15,16156.43
1078,1532,38,2,9071.00,0.05,17234.90
1079,1532,32,1,6846.41,0.20,5477.13
1080,1533,79,1,3279.98,0.00,3279.98
1081,1533,66,4,5061.79,0.20,16197.73
1082,1533,66,3,5061.79,0.10,13666.83
1083,1534,75,4,857.89,0.20,2745.25
1084,1534,75,1,857.89,0.00,857.89
1085,1535,49,5,1285.41,0.00,6427.05
1086,1535,48,3,666.94,0.15,1700.70
1087,1536,75,1,857.89,0.10,772.10
1088,1537,41,3,5118.67,0.10,13820.41
1089,1537,4,2,4745.74,0.10,8542.33
1090,1538,66,5,5061.79,0.20,20247.16
1091,1538,11,3,9107.69,0.00,27323.07
1092,1538,13,1,4614.13,0.00,4614.13
1093,1539,39,3,9473.85,0.00,28421.55
1094,1539,78,2,5823.43,0.20,9317.49
1095,1540,2,4,1634.15,0.20,5229.28
1096,1540,66,2,5061.79,0.10,9111.22
1097,1540,30,2,6182.84,0.20,9892.54
1098,1541,25,4,2080.65,0.20,6658.08
1099,1541,54,2,8757.65,0.10,15763.77
1100,1542,2,4,1634.15,0.20,5229.28
1101,1542,46,3,2707.05,0.00,8121.15
1102,1543,73,1,3759.45,0.00,3759.45
1103,1544,69,4,1204.46,0.00,4817.84
1104,1545,71,2,3644.16,0.00,7288.32
1105,1546,30,3,6182.84,0.20,14838.82
1106,1547,51,2,6224.13,0.00,12448.26
1107,1547,17,5,844.94,0.10,3802.23
1108,1548,40,4,9317.62,0.20,29816.38
1109,1549,59,3,8151.68,0.00,24455.04
1110,1549,1,2,3639.78,0.10,6551.60
1111,1549,9,4,8349.63,0.15,28388.74
1112,1550,12,3,6128.06,0.20,14707.34
1113,1551,23,5,5182.19,0.20,20728.76
1114,1552,21,3,3232.90,0.20,7758.96
1115,1553,16,3,7788.75,0.00,23366.25
1116,1553,14,5,582.59,0.05,2767.30
1117,1553,53,4,9542.36,0.00,38169.44
1118,1554,60,4,3074.74,0.05,11684.01
1119,1554,52,2,6709.84,0.10,12077.71
1120,1554,5,1,8668.62,0.05,8235.19
1121,1555,11,5,9107.69,0.20,36430.76
1122,1556,3,5,7649.11,0.00,38245.55
1123,1557,35,2,710.36,0.10,1278.65
1124,1558,67,1,8050.25,0.10,7245.23
1125,1558,40,4,9317.62,0.00,37270.48
1126,1558,77,1,9497.47,0.00,9497.47
1127,1559,54,1,8757.65,0.00,8757.65
1128,1560,22,1,6766.14,0.10,6089.53
1129,1561,16,2,7788.75,0.00,15577.50
1130,1561,14,3,582.59,0.05,1660.38
1131,1562,29,1,627.19,0.20,501.75
1132,1562,36,5,7170.73,0.05,34060.97
1133,1563,69,5,1204.46,0.00,6022.30
1134,1563,33,1,7739.50,0.15,6578.57
1135,1563,42,4,3873.14,0.20,12394.05
1136,1564,78,5,5823.43,0.10,26205.44
1137,1565,16,3,7788.75,0.00,23366.25
1138,1565,55,2,2684.77,0.15,4564.11
1139,1565,11,1,9107.69,0.00,9107.69
1140,1566,5,2,8668.62,0.20,13869.79
1141,1566,77,4,9497.47,0.20,30391.90
1142,1566,43,2,8422.93,0.05,16003.57
1143,1567,43,3,8422.93,0.00,25268.79
1144,1567,27,5,8787.65,0.00,43938.25
1145,1567,32,2,6846.41,0.15,11638.90
1146,1568,9,2,8349.63,0.00,16699.26
1147,1568,19,2,997.72,0.00,1995.44
1148,1569,60,3,3074.74,0.00,9224.22
1149,1569,26,2,3097.76,0.10,5575.97
1150,1570,26,3,3097.76,0.10,8363.95
1151,1570,11,3,9107.69,0.10,24590.76
1152,1570,49,2,1285.41,0.10,2313.74
1153,1571,55,1,2684.77,0.05,2550.53
1154,1571,77,5,9497.47,0.00,47487.35
1155,1572,72,5,2889.64,0.10,13003.38
1156,1572,10,3,4733.57,0.00,14200.71
1157,1573,48,4,666.94,0.10,2400.98
1158,1573,54,4,8757.65,0.20,28024.48
1159,1573,48,4,666.94,0.10,2400.98
1160,1574,73,2,3759.45,0.00,7518.90
1161,1574,56,3,3578.06,0.20,8587.34
1162,1575,55,2,2684.77,0.00,5369.54
1163,1575,62,1,2681.47,0.05,2547.40
1164,1576,32,5,6846.41,0.15,29097.24
1165,1576,21,1,3232.90,0.00,3232.90
1166,1577,22,4,6766.14,0.05,25711.33
1167,1577,39,5,9473.85,0.15,40263.86
1168,1578,45,2,4595.29,0.05,8731.05
1169,1578,27,4,8787.65,0.20,28120.48
1170,1578,40,1,9317.62,0.00,9317.62
1171,1579,37,4,1020.98,0.00,4083.92
1172,1579,23,3,5182.19,0.00,15546.57
1173,1579,18,2,2668.56,0.10,4803.41
1174,1580,24,2,1965.58,0.05,3734.60
1175,1581,49,1,1285.41,0.05,1221.14
1176,1582,2,1,1634.15,0.05,1552.44
1177,1583,49,5,1285.41,0.15,5462.99
1178,1584,44,3,574.37,0.00,1723.11
1179,1584,47,4,7805.49,0.10,28099.76
1180,1584,79,1,3279.98,0.05,3115.98
1181,1585,16,5,7788.75,0.05,36996.56
1182,1585,32,3,6846.41,0.10,18485.31
1183,1585,80,4,452.95,0.15,1540.03
1184,1586,6,3,868.21,0.20,2083.70
1185,1586,57,2,633.49,0.15,1076.93
1186,1587,13,4,4614.13,0.05,17533.69
1187,1587,78,2,5823.43,0.20,9317.49
1188,1587,19,5,997.72,0.15,4240.31
1189,1588,58,1,8336.76,0.10,7503.08
1190,1589,4,2,4745.74,0.05,9016.91
1191,1589,50,3,7240.73,0.00,21722.19
1192,1589,33,4,7739.50,0.20,24766.40
1193,1590,77,1,9497.47,0.20,7597.98
1194,1590,44,4,574.37,0.20,1837.98
1195,1590,49,5,1285.41,0.10,5784.35
1196,1591,44,5,574.37,0.00,2871.85
1197,1592,8,5,4724.08,0.15,20077.34
1198,1592,25,4,2080.65,0.10,7490.34
1199,1593,69,4,1204.46,0.05,4576.95
1200,1594,19,1,997.72,0.15,848.06
1201,1594,41,3,5118.67,0.15,13052.61
1202,1595,49,1,1285.41,0.05,1221.14
1203,1595,20,2,9682.43,0.20,15491.89
1204,1595,29,1,627.19,0.00,627.19
1205,1596,44,4,574.37,0.20,1837.98
1206,1596,61,3,3291.84,0.10,8887.97
1207,1597,51,1,6224.13,0.00,6224.13
1208,1597,42,5,3873.14,0.00,19365.70
1209,1597,39,4,9473.85,0.20,30316.32
1210,1598,28,2,1710.68,0.20,2737.09
1211,1599,22,1,6766.14,0.00,6766.14
1212,1599,46,4,2707.05,0.00,10828.20
1213,1599,7,1,5994.91,0.15,5095.67
1214,1600,31,4,3231.79,0.10,11634.44
1215,1601,49,3,1285.41,0.20,3084.98
1216,1601,57,3,633.49,0.00,1900.47
1217,1602,76,5,9503.78,0.15,40391.07
1218,1603,56,3,3578.06,0.15,9124.05
1219,1603,17,1,844.94,0.05,802.69
1220,1603,9,5,8349.63,0.00,41748.15
1221,1604,69,1,1204.46,0.00,1204.46
1222,1604,16,2,7788.75,0.15,13240.88
1223,1604,24,1,1965.58,0.15,1670.74
1224,1605,21,1,3232.90,0.15,2747.97
1225,1605,33,1,7739.50,0.00,7739.50
1226,1605,16,5,7788.75,0.05,36996.56
1227,1606,67,3,8050.25,0.20,19320.60
1228,1607,69,5,1204.46,0.00,6022.30
1229,1607,13,1,4614.13,0.00,4614.13
1230,1607,5,2,8668.62,0.00,17337.24
1231,1608,80,4,452.95,0.00,1811.80
1232,1608,71,3,3644.16,0.05,10385.86
1233,1608,49,2,1285.41,0.10,2313.74
1234,1609,35,2,710.36,0.20,1136.58
1235,1610,49,1,1285.41,0.15,1092.60
1236,1610,32,1,6846.41,0.05,6504.09
1237,1611,47,3,7805.49,0.05,22245.65
1238,1612,14,1,582.59,0.00,582.59
1239,1612,68,3,6103.04,0.15,15562.75
1240,1613,13,1,4614.13,0.00,4614.13
1241,1613,41,4,5118.67,0.00,20474.68
1242,1613,45,5,4595.29,0.15,19529.98
1243,1614,20,2,9682.43,0.00,19364.86
1244,1614,49,5,1285.41,0.20,5141.64
1245,1614,35,1,710.36,0.20,568.29
1246,1615,60,5,3074.74,0.05,14605.01
1247,1615,36,4,7170.73,0.15,24380.48
1248,1616,11,1,9107.69,0.20,7286.15
1249,1617,2,4,1634.15,0.20,5229.28
1250,1617,66,2,5061.79,0.10,9111.22
1251,1618,1,4,3639.78,0.20,11647.30
1252,1619,10,3,4733.57,0.00,14200.71
1253,1620,44,2,574.37,0.15,976.43
1254,1621,73,4,3759.45,0.00,15037.80
1255,1622,1,5,3639.78,0.10,16379.01
1256,1622,43,3,8422.93,0.05,24005.35
1257,1623,56,4,3578.06,0.00,14312.24
1258,1624,20,3,9682.43,0.00,29047.29
1259,1625,35,1,710.36,0.10,639.32
1260,1625,57,2,633.49,0.00,1266.98
1261,1625,46,4,2707.05,0.00,10828.20
1262,1626,51,4,6224.13,0.20,19917.22
1263,1627,63,5,8647.96,0.10,38915.82
1264,1627,17,3,844.94,0.10,2281.34
1265,1628,65,1,7483.42,0.20,5986.74
1266,1628,31,1,3231.79,0.20,2585.43
1267,1629,63,1,8647.96,0.10,7783.16
1268,1629,32,5,6846.41,0.00,34232.05
1269,1630,61,1,3291.84,0.20,2633.47
1270,1631,5,3,8668.62,0.00,26005.86
1271,1631,19,4,997.72,0.00,3990.88
1272,1632,30,2,6182.84,0.05,11747.40
1273,1632,55,4,2684.77,0.00,10739.08
1274,1632,66,4,5061.79,0.20,16197.73
1275,1633,54,2,8757.65,0.05,16639.53
1276,1633,7,2,5994.91,0.00,11989.82
1277,1633,1,1,3639.78,0.20,2911.82
1278,1634,33,4,7739.50,0.05,29410.10
1279,1635,43,3,8422.93,0.20,20215.03
1280,1636,50,1,7240.73,0.00,7240.73
1281,1636,17,5,844.94,0.00,4224.70
1282,1636,6,5,868.21,0.20,3472.84
1283,1637,44,3,574.37,0.20,1378.49
1284,1637,61,2,3291.84,0.15,5596.13
1285,1637,20,1,9682.43,0.00,9682.43
1286,1638,16,4,7788.75,0.00,31155.00
1287,1638,62,4,2681.47,0.15,9117.00
1288,1638,65,1,7483.42,0.00,7483.42
1289,1639,25,4,2080.65,0.10,7490.34
1290,1639,69,5,1204.46,0.00,6022.30
1291,1639,22,4,6766.14,0.15,23004.88
1292,1640,21,5,3232.90,0.00,16164.50
1293,1641,35,5,710.36,0.00,3551.80
1294,1641,22,2,6766.14,0.00,13532.28
1295,1641,69,2,1204.46,0.05,2288.47
1296,1642,32,2,6846.41,0.15,11638.90
1297,1642,15,1,3765.20,0.20,3012.16
1298,1642,45,5,4595.29,0.05,21827.63
1299,1643,8,1,4724.08,0.05,4487.88
1300,1643,29,3,627.19,0.00,1881.57
1301,1644,78,5,5823.43,0.00,29117.15
1302,1644,57,2,633.49,0.05,1203.63
1303,1644,35,2,710.36,0.15,1207.61
1304,1645,12,4,6128.06,0.00,24512.24
1305,1645,59,2,8151.68,0.00,16303.36
1306,1646,23,4,5182.19,0.20,16583.01
1307,1647,52,1,6709.84,0.20,5367.87
1308,1647,68,2,6103.04,0.20,9764.86
1309,1647,2,5,1634.15,0.00,8170.75
1310,1648,11,3,9107.69,0.00,27323.07
1311,1649,73,4,3759.45,0.00,15037.80
1312,1649,40,3,9317.62,0.10,25157.57
1313,1650,70,3,4568.97,0.00,13706.91
1314,1651,19,3,997.72,0.20,2394.53
1315,1651,37,2,1020.98,0.20,1633.57
1316,1652,14,3,582.59,0.05,1660.38
1317,1653,20,2,9682.43,0.10,17428.37
1318,1653,68,3,6103.04,0.15,15562.75
1319,1653,24,4,1965.58,0.00,7862.32
1320,1654,48,3,666.94,0.20,1600.66
1321,1654,10,1,4733.57,0.00,4733.57
1322,1654,19,3,997.72,0.00,2993.16
1323,1655,36,2,7170.73,0.00,14341.46
1324,1655,42,2,3873.14,0.00,7746.28
1325,1656,78,3,5823.43,0.00,17470.29
1326,1656,32,4,6846.41,0.10,24647.08
1327,1657,54,5,8757.65,0.15,37220.01
1328,1657,29,1,627.19,0.00,627.19
1329,1657,47,1,7805.49,0.00,7805.49
1330,1658,47,2,7805.49,0.05,14830.43
1331,1658,59,2,8151.68,0.15,13857.86
1332,1659,19,4,997.72,0.20,3192.70
1333,1659,4,4,4745.74,0.05,18033.81
1334,1659,7,1,5994.91,0.20,4795.93
1335,1660,11,2,9107.69,0.00,18215.38
1336,1661,68,3,6103.04,0.10,16478.21
1337,1661,53,3,9542.36,0.10,25764.37
1338,1661,2,3,1634.15,0.00,4902.45
1339,1662,51,4,6224.13,0.20,19917.22
1340,1663,35,1,710.36,0.15,603.81
1341,1664,24,5,1965.58,0.15,8353.72
1342,1664,10,4,4733.57,0.10,17040.85
1343,1665,55,2,2684.77,0.05,5101.06
1344,1665,14,1,582.59,0.00,582.59
1345,1666,14,1,582.59,0.00,582.59
1346,1666,77,1,9497.47,0.05,9022.60
1347,1666,25,5,2080.65,0.00,10403.25
1348,1667,7,3,5994.91,0.00,17984.73
1349,1668,51,3,6224.13,0.00,18672.39
1350,1668,13,3,4614.13,0.10,12458.15
1351,1669,38,2,9071.00,0.00,18142.00
1352,1670,21,5,3232.90,0.15,13739.82
1353,1671,6,4,868.21,0.00,3472.84
1354,1671,27,5,8787.65,0.15,37347.51
1355,1672,71,1,3644.16,0.10,3279.74
1356,1672,13,4,4614.13,0.05,17533.69
1357,1673,12,1,6128.06,0.00,6128.06
1358,1673,59,3,8151.68,0.10,22009.54
1359,1674,47,3,7805.49,0.10,21074.82
1360,1675,41,3,5118.67,0.00,15356.01
1361,1675,53,5,9542.36,0.10,42940.62
1362,1675,34,1,8204.53,0.15,6973.85
1363,1676,21,5,3232.90,0.10,14548.05
1364,1676,10,2,4733.57,0.10,8520.43
1365,1677,60,1,3074.74,0.00,3074.74
1366,1677,24,1,1965.58,0.10,1769.02
1367,1677,56,2,3578.06,0.10,6440.51
1368,1678,61,1,3291.84,0.05,3127.25
1369,1678,59,1,8151.68,0.15,6928.93
1370,1678,20,4,9682.43,0.00,38729.72
1371,1679,61,2,3291.84,0.00,6583.68
1372,1679,28,1,1710.68,0.20,1368.54
1373,1680,52,1,6709.84,0.05,6374.35
1374,1680,58,4,8336.76,0.15,28344.98
1375,1681,39,2,9473.85,0.00,18947.70
1376,1681,45,4,4595.29,0.10,16543.04
1377,1682,2,5,1634.15,0.15,6945.14
1378,1682,26,1,3097.76,0.20,2478.21
1379,1683,64,3,1418.86,0.00,4256.58
1380,1684,75,1,857.89,0.00,857.89
1381,1684,28,2,1710.68,0.10,3079.22
1382,1685,74,1,8515.96,0.05,8090.16
1383,1685,47,1,7805.49,0.05,7415.22
1384,1685,40,5,9317.62,0.00,46588.10
1385,1686,55,5,2684.77,0.05,12752.66
1386,1686,15,2,3765.20,0.10,6777.36
1387,1686,55,3,2684.77,0.00,8054.31
1388,1687,80,1,452.95,0.00,452.95
1389,1687,14,1,582.59,0.20,466.07
1390,1688,57,5,633.49,0.15,2692.33
1391,1688,5,3,8668.62,0.10,23405.27
1392,1688,28,2,1710.68,0.10,3079.22
1393,1689,53,4,9542.36,0.00,38169.44
1394,1689,48,2,666.94,0.15,1133.80
1395,1690,1,4,3639.78,0.00,14559.12
1396,1691,56,2,3578.06,0.15,6082.70
1397,1691,51,2,6224.13,0.15,10581.02
1398,1691,51,1,6224.13,0.15,5290.51
1399,1692,21,4,3232.90,0.00,12931.60
1400,1692,13,2,4614.13,0.15,7844.02
1401,1692,16,5,7788.75,0.10,35049.38
1402,1693,56,1,3578.06,0.20,2862.45
1403,1694,46,2,2707.05,0.00,5414.10
1404,1694,29,3,627.19,0.00,1881.57
1405,1695,3,5,7649.11,0.00,38245.55
1406,1696,24,1,1965.58,0.00,1965.58
1407,1696,64,3,1418.86,0.00,4256.58
1408,1697,10,2,4733.57,0.20,7573.71
1409,1697,54,4,8757.65,0.05,33279.07
1410,1697,58,2,8336.76,0.00,16673.52
1411,1698,79,5,3279.98,0.15,13939.92
1412,1698,1,2,3639.78,0.15,6187.63
1413,1699,28,3,1710.68,0.00,5132.04
1414,1700,36,4,7170.73,0.00,28682.92
1415,1700,12,3,6128.06,0.20,14707.34
1416,1701,33,2,7739.50,0.00,15479.00
1417,1702,58,4,8336.76,0.15,28344.98
1418,1702,35,3,710.36,0.15,1811.42
1419,1703,9,4,8349.63,0.00,33398.52
1420,1703,5,5,8668.62,0.05,41175.95
1421,1704,42,4,3873.14,0.00,15492.56
1422,1705,16,1,7788.75,0.05,7399.31
1423,1705,2,3,1634.15,0.00,4902.45
1424,1706,28,5,1710.68,0.00,8553.40
1425,1706,14,5,582.59,0.05,2767.30
1426,1706,78,1,5823.43,0.15,4949.92
1427,1707,64,4,1418.86,0.00,5675.44
1428,1708,76,4,9503.78,0.00,38015.12
1429,1708,74,1,8515.96,0.05,8090.16
1430,1709,5,5,8668.62,0.15,36841.64
1431,1709,6,3,868.21,0.20,2083.70
1432,1710,45,4,4595.29,0.00,18381.16
1433,1710,72,3,2889.64,0.10,7802.03
1434,1711,14,1,582.59,0.00,582.59
1435,1711,7,1,5994.91,0.00,5994.91
1436,1711,14,3,582.59,0.20,1398.22
1437,1712,7,3,5994.91,0.00,17984.73
1438,1713,49,3,1285.41,0.20,3084.98
1439,1713,22,2,6766.14,0.15,11502.44
1440,1713,59,1,8151.68,0.00,8151.68
1441,1714,31,5,3231.79,0.10,14543.06
1442,1714,63,3,8647.96,0.05,24646.69
1443,1714,62,2,2681.47,0.00,5362.94
1444,1715,27,1,8787.65,0.00,8787.65
1445,1715,64,1,1418.86,0.00,1418.86
1446,1715,2,2,1634.15,0.10,2941.47
1447,1716,66,3,5061.79,0.05,14426.10
1448,1716,59,2,8151.68,0.15,13857.86
1449,1716,14,2,582.59,0.00,1165.18
1450,1717,55,2,2684.77,0.20,4295.63
1451,1717,40,5,9317.62,0.20,37270.48
1452,1718,24,3,1965.58,0.00,5896.74
1453,1718,61,5,3291.84,0.10,14813.28
1454,1719,51,5,6224.13,0.10,28008.59
1455,1720,49,4,1285.41,0.00,5141.64
1456,1720,38,2,9071.00,0.10,16327.80
1457,1720,23,5,5182.19,0.05,24615.40
1458,1721,15,1,3765.20,0.00,3765.20
1459,1722,52,4,6709.84,0.10,24155.42
1460,1722,13,2,4614.13,0.20,7382.61
1461,1722,35,4,710.36,0.00,2841.44
1462,1723,65,5,7483.42,0.10,33675.39
1463,1724,43,4,8422.93,0.00,33691.72
1464,1725,10,2,4733.57,0.20,7573.71
1465,1725,2,5,1634.15,0.05,7762.21
1466,1726,3,5,7649.11,0.20,30596.44
1467,1727,43,4,8422.93,0.10,30322.55
1468,1727,45,5,4595.29,0.05,21827.63
1469,1728,43,5,8422.93,0.20,33691.72
1470,1728,77,4,9497.47,0.00,37989.88
1471,1728,35,5,710.36,0.20,2841.44
1472,1729,32,5,6846.41,0.20,27385.64
1473,1730,36,5,7170.73,0.10,32268.28
1474,1731,40,2,9317.62,0.00,18635.24
1475,1731,75,5,857.89,0.20,3431.56
1476,1732,15,1,3765.20,0.10,3388.68
1477,1732,19,4,997.72,0.20,3192.70
1478,1733,38,1,9071.00,0.10,8163.90
1479,1734,56,3,3578.06,0.20,8587.34
1480,1735,72,2,2889.64,0.00,5779.28
1481,1735,35,2,710.36,0.20,1136.58
1482,1735,26,4,3097.76,0.15,10532.38
1483,1736,50,4,7240.73,0.10,26066.63
1484,1736,13,3,4614.13,0.05,13150.27
1485,1736,77,3,9497.47,0.00,28492.41
1486,1737,71,2,3644.16,0.05,6923.90
1487,1737,40,1,9317.62,0.05,8851.74
1488,1738,57,3,633.49,0.15,1615.40
1489,1738,46,4,2707.05,0.05,10286.79
1490,1738,55,4,2684.77,0.10,9665.17
1491,1739,79,3,3279.98,0.00,9839.94
1492,1740,1,4,3639.78,0.15,12375.25
1493,1740,59,1,8151.68,0.00,8151.68
1494,1741,62,3,2681.47,0.00,8044.41
1495,1741,16,5,7788.75,0.20,31155.00
1496,1741,66,1,5061.79,0.20,4049.43
1497,1742,40,1,9317.62,0.10,8385.86
1498,1742,80,2,452.95,0.00,905.90
1499,1743,61,1,3291.84,0.15,2798.06
1500,1744,31,5,3231.79,0.05,15351.00
1501,1745,24,2,1965.58,0.20,3144.93
1502,1746,13,5,4614.13,0.10,20763.59
1503,1746,48,3,666.94,0.10,1800.74
1504,1747,37,4,1020.98,0.00,4083.92
1505,1748,18,4,2668.56,0.20,8539.39
1506,1748,59,3,8151.68,0.00,24455.04
1507,1749,9,2,8349.63,0.20,13359.41
1508,1749,20,3,9682.43,0.20,23237.83
1509,1749,73,3,3759.45,0.10,10150.51
1510,1750,61,5,3291.84,0.20,13167.36
1511,1750,24,5,1965.58,0.20,7862.32
1512,1751,9,1,8349.63,0.00,8349.63
1513,1751,21,2,3232.90,0.00,6465.80
1514,1752,31,1,3231.79,0.00,3231.79
1515,1752,50,4,7240.73,0.00,28962.92
1516,1752,8,5,4724.08,0.05,22439.38
1517,1753,42,1,3873.14,0.20,3098.51
1518,1754,37,2,1020.98,0.00,2041.96
1519,1754,21,4,3232.90,0.15,10991.86
1520,1755,1,3,3639.78,0.10,9827.41
1521,1756,65,3,7483.42,0.05,21327.75
1522,1756,80,5,452.95,0.00,2264.75
1523,1757,67,3,8050.25,0.00,24150.75
1524,1758,33,4,7739.50,0.20,24766.40
1525,1758,46,1,2707.05,0.00,2707.05
1526,1759,70,1,4568.97,0.15,3883.62
1527,1760,26,3,3097.76,0.00,9293.28
1528,1760,18,2,2668.56,0.15,4536.55
1529,1761,5,3,8668.62,0.00,26005.86
1530,1761,54,5,8757.65,0.20,35030.60
1531,1761,79,1,3279.98,0.15,2787.98
1532,1762,29,3,627.19,0.10,1693.41
1533,1762,62,3,2681.47,0.00,8044.41
1534,1762,3,1,7649.11,0.00,7649.11
1535,1763,50,4,7240.73,0.20,23170.34
1536,1764,79,3,3279.98,0.05,9347.94
1537,1765,2,2,1634.15,0.10,2941.47
1538,1765,69,5,1204.46,0.00,6022.30
1539,1765,2,2,1634.15,0.00,3268.30
1540,1766,45,5,4595.29,0.20,18381.16
1541,1766,32,3,6846.41,0.00,20539.23
1542,1767,27,4,8787.65,0.20,28120.48
1543,1767,46,2,2707.05,0.10,4872.69
1544,1767,39,3,9473.85,0.15,24158.32
1545,1768,7,3,5994.91,0.10,16186.26
1546,1769,71,2,3644.16,0.00,7288.32
1547,1769,48,2,666.94,0.00,1333.88
1548,1770,35,3,710.36,0.15,1811.42
1549,1771,49,4,1285.41,0.10,4627.48
1550,1772,40,1,9317.62,0.15,7919.98
1551,1773,80,4,452.95,0.10,1630.62
1552,1773,8,1,4724.08,0.15,4015.47
1553,1774,73,5,3759.45,0.05,17857.39
1554,1774,21,4,3232.90,0.10,11638.44
1555,1774,31,2,3231.79,0.00,6463.58
1556,1775,74,4,8515.96,0.00,34063.84
1557,1775,79,3,3279.98,0.05,9347.94
1558,1776,23,4,5182.19,0.10,18655.88
1559,1776,3,4,7649.11,0.00,30596.44
1560,1777,11,3,9107.69,0.15,23224.61
1561,1777,71,3,3644.16,0.00,10932.48
1562,1777,57,2,633.49,0.05,1203.63
1563,1778,7,2,5994.91,0.00,11989.82
1564,1778,5,2,8668.62,0.20,13869.79
1565,1778,65,4,7483.42,0.15,25443.63
1566,1779,46,5,2707.05,0.20,10828.20
1567,1780,15,5,3765.20,0.00,18826.00
1568,1780,31,2,3231.79,0.05,6140.40
1569,1781,42,5,3873.14,0.05,18397.42
1570,1782,48,1,666.94,0.05,633.59
1571,1783,66,5,5061.79,0.20,20247.16
1572,1783,45,2,4595.29,0.10,8271.52
1573,1783,75,1,857.89,0.20,686.31
1574,1784,71,4,3644.16,0.15,12390.14
1575,1784,16,5,7788.75,0.00,38943.75
1576,1784,78,4,5823.43,0.20,18634.98
1577,1785,47,2,7805.49,0.10,14049.88
1578,1786,46,5,2707.05,0.15,11504.96
1579,1787,73,2,3759.45,0.15,6391.06
1580,1788,16,1,7788.75,0.10,7009.88
1581,1788,54,5,8757.65,0.00,43788.25
1582,1789,54,3,8757.65,0.15,22332.01
1583,1790,22,1,6766.14,0.00,6766.14
1584,1790,66,5,5061.79,0.10,22778.06
1585,1790,55,3,2684.77,0.00,8054.31
1586,1791,76,5,9503.78,0.15,40391.07
1587,1791,14,1,582.59,0.00,582.59
1588,1792,18,2,2668.56,0.20,4269.70
1589,1792,76,5,9503.78,0.00,47518.90
1590,1793,23,5,5182.19,0.20,20728.76
1591,1793,76,3,9503.78,0.00,28511.34
1592,1794,75,5,857.89,0.10,3860.51
1593,1794,37,3,1020.98,0.10,2756.65
1594,1794,41,2,5118.67,0.00,10237.34
1595,1795,79,3,3279.98,0.00,9839.94
1596,1795,45,3,4595.29,0.00,13785.87
1597,1795,16,3,7788.75,0.05,22197.94
1598,1796,36,2,7170.73,0.00,14341.46
1599,1797,25,1,2080.65,0.10,1872.59
1600,1797,4,3,4745.74,0.00,14237.22
1601,1797,37,5,1020.98,0.10,4594.41
1602,1798,56,4,3578.06,0.05,13596.63
1603,1798,12,2,6128.06,0.05,11643.31
1604,1799,43,3,8422.93,0.10,22741.91
1605,1799,66,1,5061.79,0.20,4049.43
1606,1799,41,1,5118.67,0.10,4606.80
1607,1800,5,1,8668.62,0.00,8668.62
1608,1800,18,5,2668.56,0.10,12008.52
1609,1800,29,2,627.19,0.05,1191.66
1610,1801,12,5,6128.06,0.20,24512.24
1611,1802,23,1,5182.19,0.10,4663.97
1612,1803,24,3,1965.58,0.00,5896.74
1613,1803,38,4,9071.00,0.10,32655.60
1614,1803,51,5,6224.13,0.05,29564.62
1615,1804,42,2,3873.14,0.20,6197.02
1616,1804,55,1,2684.77,0.00,2684.77
1617,1805,62,4,2681.47,0.15,9117.00
1618,1806,53,1,9542.36,0.15,8111.01
1619,1807,52,3,6709.84,0.00,20129.52
1620,1807,35,4,710.36,0.20,2273.15
1621,1808,74,2,8515.96,0.15,14477.13
1622,1809,3,4,7649.11,0.00,30596.44
1623,1809,43,3,8422.93,0.15,21478.47
1624,1809,9,1,8349.63,0.15,7097.19
1625,1810,30,3,6182.84,0.00,18548.52
1626,1810,48,3,666.94,0.10,1800.74
1627,1810,28,5,1710.68,0.20,6842.72
1628,1811,6,2,868.21,0.05,1649.60
1629,1811,39,1,9473.85,0.00,9473.85
1630,1812,35,1,710.36,0.00,710.36
1631,1812,10,5,4733.57,0.20,18934.28
1632,1812,54,1,8757.65,0.00,8757.65
1633,1813,66,1,5061.79,0.05,4808.70
1634,1813,36,4,7170.73,0.00,28682.92
1635,1814,29,4,627.19,0.15,2132.45
1636,1815,51,3,6224.13,0.15,15871.53
1637,1815,14,4,582.59,0.00,2330.36
1638,1815,74,1,8515.96,0.10,7664.36
1639,1816,11,1,9107.69,0.15,7741.54
1640,1817,61,5,3291.84,0.20,13167.36
1641,1817,73,2,3759.45,0.00,7518.90
1642,1817,64,3,1418.86,0.10,3830.92
1643,1818,35,2,710.36,0.15,1207.61
1644,1819,62,5,2681.47,0.15,11396.25
1645,1819,11,1,9107.69,0.10,8196.92
1646,1819,10,4,4733.57,0.00,18934.28
1647,1820,5,4,8668.62,0.10,31207.03
1648,1821,2,3,1634.15,0.00,4902.45
1649,1821,56,3,3578.06,0.20,8587.34
1650,1822,27,5,8787.65,0.20,35150.60
1651,1822,48,5,666.94,0.15,2834.50
1652,1822,33,4,7739.50,0.10,27862.20
1653,1823,2,3,1634.15,0.10,4412.21
1654,1823,23,2,5182.19,0.10,9327.94
1655,1824,43,1,8422.93,0.00,8422.93
1656,1824,80,4,452.95,0.15,1540.03
1657,1825,36,3,7170.73,0.10,19360.97
1658,1826,26,1,3097.76,0.15,2633.10
1659,1826,20,1,9682.43,0.20,7745.94
1660,1826,28,3,1710.68,0.00,5132.04
1661,1827,78,3,5823.43,0.20,13976.23
1662,1827,79,4,3279.98,0.00,13119.92
1663,1827,22,1,6766.14,0.00,6766.14
1664,1828,42,1,3873.14,0.00,3873.14
1665,1829,16,2,7788.75,0.15,13240.88
1666,1829,51,4,6224.13,0.10,22406.87
1667,1829,61,3,3291.84,0.05,9381.74
1668,1830,72,4,2889.64,0.10,10402.70
1669,1830,33,1,7739.50,0.15,6578.57
1670,1831,45,4,4595.29,0.00,18381.16
1671,1831,79,5,3279.98,0.00,16399.90
1672,1831,49,3,1285.41,0.00,3856.23
1673,1832,43,1,8422.93,0.05,8001.78
1674,1832,33,5,7739.50,0.00,38697.50
1675,1833,33,3,7739.50,0.20,18574.80
1676,1833,8,5,4724.08,0.00,23620.40
1677,1833,61,5,3291.84,0.20,13167.36
1678,1834,79,2,3279.98,0.20,5247.97
1679,1835,8,3,4724.08,0.00,14172.24
1680,1835,70,3,4568.97,0.00,13706.91
1681,1835,79,1,3279.98,0.05,3115.98
1682,1836,8,1,4724.08,0.00,4724.08
1683,1836,65,2,7483.42,0.20,11973.47
1684,1836,35,1,710.36,0.00,710.36
1685,1837,1,3,3639.78,0.05,10373.37
1686,1837,72,3,2889.64,0.00,8668.92
1687,1837,44,4,574.37,0.15,1952.86
1688,1838,12,2,6128.06,0.05,11643.31
1689,1838,76,1,9503.78,0.00,9503.78
1690,1838,2,2,1634.15,0.20,2614.64
1691,1839,7,4,5994.91,0.20,19183.71
1692,1839,37,2,1020.98,0.05,1939.86
1693,1840,23,3,5182.19,0.05,14769.24
1694,1841,67,4,8050.25,0.20,25760.80
1695,1841,22,1,6766.14,0.15,5751.22
1696,1842,37,2,1020.98,0.05,1939.86
1697,1842,65,5,7483.42,0.20,29933.68
1698,1842,35,1,710.36,0.15,603.81
1699,1843,24,4,1965.58,0.00,7862.32
1700,1843,60,5,3074.74,0.05,14605.01
1701,1843,48,5,666.94,0.10,3001.23
1702,1844,61,3,3291.84,0.05,9381.74
1703,1844,13,2,4614.13,0.05,8766.85
1704,1845,76,5,9503.78,0.20,38015.12
1705,1845,56,4,3578.06,0.10,12881.02
1706,1846,39,1,9473.85,0.00,9473.85
1707,1846,65,1,7483.42,0.10,6735.08
1708,1847,39,5,9473.85,0.20,37895.40
1709,1848,19,3,997.72,0.10,2693.84
1710,1848,51,2,6224.13,0.10,11203.43
1711,1849,24,2,1965.58,0.00,3931.16
1712,1850,62,2,2681.47,0.05,5094.79
1713,1851,60,2,3074.74,0.00,6149.48
1714,1851,50,2,7240.73,0.05,13757.39
1715,1852,45,4,4595.29,0.20,14704.93
1716,1853,65,1,7483.42,0.15,6360.91
1717,1853,77,4,9497.47,0.00,37989.88
1718,1854,12,3,6128.06,0.10,16545.76
1719,1854,24,4,1965.58,0.00,7862.32
1720,1855,21,4,3232.90,0.20,10345.28
1721,1856,21,3,3232.90,0.00,9698.70
1722,1857,39,4,9473.85,0.05,36000.63
1723,1858,15,2,3765.20,0.10,6777.36
1724,1858,69,4,1204.46,0.20,3854.27
1725,1859,59,4,8151.68,0.00,32606.72
1726,1859,60,3,3074.74,0.00,9224.22
1727,1859,16,4,7788.75,0.10,28039.50
1728,1860,38,1,9071.00,0.15,7710.35
1729,1860,35,2,710.36,0.05,1349.68
1730,1860,46,4,2707.05,0.00,10828.20
1731,1861,51,2,6224.13,0.00,12448.26
1732,1861,11,5,9107.69,0.00,45538.45
1733,1861,17,2,844.94,0.20,1351.90
1734,1862,68,5,6103.04,0.10,27463.68
1735,1862,6,1,868.21,0.05,824.80
1736,1862,48,1,666.94,0.00,666.94
1737,1863,3,2,7649.11,0.20,12238.58
1738,1863,33,1,7739.50,0.10,6965.55
1739,1864,7,3,5994.91,0.15,15287.02
1740,1865,6,5,868.21,0.10,3906.95
1741,1865,24,3,1965.58,0.05,5601.90
1742,1865,1,4,3639.78,0.00,14559.12
1743,1866,41,1,5118.67,0.00,5118.67
1744,1866,29,1,627.19,0.20,501.75
1745,1866,42,2,3873.14,0.00,7746.28
1746,1867,61,5,3291.84,0.00,16459.20
1747,1867,44,3,574.37,0.05,1636.95
1748,1868,22,4,6766.14,0.05,25711.33
1749,1868,52,1,6709.84,0.20,5367.87
1750,1868,74,1,8515.96,0.20,6812.77
1751,1869,38,3,9071.00,0.10,24491.70
1752,1869,60,1,3074.74,0.00,3074.74
1753,1870,72,4,2889.64,0.00,11558.56
1754,1870,49,5,1285.41,0.00,6427.05
1755,1871,74,3,8515.96,0.00,25547.88
1756,1872,36,3,7170.73,0.05,20436.58
1757,1872,14,3,582.59,0.15,1485.60
1758,1872,69,5,1204.46,0.10,5420.07
1759,1873,52,3,6709.84,0.00,20129.52
1760,1874,54,4,8757.65,0.10,31527.54
1761,1874,25,1,2080.65,0.15,1768.55
1762,1874,29,2,627.19,0.15,1066.22
1763,1875,22,5,6766.14,0.20,27064.56
1764,1876,25,2,2080.65,0.10,3745.17
1765,1876,48,2,666.94,0.00,1333.88
1766,1876,61,2,3291.84,0.05,6254.50
1767,1877,32,5,6846.41,0.10,30808.85
1768,1877,31,2,3231.79,0.10,5817.22
1769,1878,1,1,3639.78,0.20,2911.82
1770,1879,69,1,1204.46,0.20,963.57
1771,1879,78,5,5823.43,0.20,23293.72
1772,1879,4,4,4745.74,0.10,17084.66
1773,1880,57,4,633.49,0.00,2533.96
1774,1880,14,2,582.59,0.05,1106.92
1775,1880,75,1,857.89,0.20,686.31
1776,1881,27,3,8787.65,0.00,26362.95
1777,1881,43,1,8422.93,0.10,7580.64
1778,1882,34,5,8204.53,0.05,38971.52
1779,1882,77,1,9497.47,0.00,9497.47
1780,1883,38,3,9071.00,0.20,21770.40
1781,1883,21,5,3232.90,0.20,12931.60
1782,1884,17,2,844.94,0.15,1436.40
1783,1884,38,4,9071.00,0.05,34469.80
1784,1884,30,1,6182.84,0.00,6182.84
1785,1885,67,4,8050.25,0.10,28980.90
1786,1885,80,2,452.95,0.05,860.60
1787,1885,20,5,9682.43,0.15,41150.33
1788,1886,62,4,2681.47,0.00,10725.88
1789,1887,78,1,5823.43,0.20,4658.74
1790,1887,26,3,3097.76,0.10,8363.95
1791,1888,5,4,8668.62,0.20,27739.58
1792,1888,13,3,4614.13,0.15,11766.03
1793,1888,9,3,8349.63,0.15,21291.56
1794,1889,32,2,6846.41,0.20,10954.26
1795,1889,59,2,8151.68,0.00,16303.36
1796,1889,78,3,5823.43,0.15,14849.75
1797,1890,8,2,4724.08,0.00,9448.16
1798,1890,32,5,6846.41,0.15,29097.24
1799,1891,15,4,3765.20,0.00,15060.80
1800,1891,61,2,3291.84,0.00,6583.68
1801,1892,57,2,633.49,0.15,1076.93
1802,1893,43,5,8422.93,0.10,37903.19
1803,1894,72,5,2889.64,0.05,13725.79
1804,1894,57,1,633.49,0.00,633.49
1805,1894,63,1,8647.96,0.05,8215.56
1806,1895,13,4,4614.13,0.05,17533.69
1807,1895,69,2,1204.46,0.00,2408.92
1808,1896,61,1,3291.84,0.20,2633.47
1809,1896,39,5,9473.85,0.00,47369.25
1810,1896,74,2,8515.96,0.05,16180.32
1811,1897,61,5,3291.84,0.10,14813.28
1812,1897,35,2,710.36,0.05,1349.68
1813,1897,61,3,3291.84,0.05,9381.74
1814,1898,73,4,3759.45,0.10,13534.02
1815,1898,1,4,3639.78,0.00,14559.12
1816,1899,26,2,3097.76,0.20,4956.42
1817,1899,33,3,7739.50,0.05,22057.58
1818,1899,4,3,4745.74,0.10,12813.50
1819,1900,14,1,582.59,0.00,582.59
1820,1900,21,3,3232.90,0.20,7758.96
1821,1901,63,2,8647.96,0.05,16431.12
1822,1901,78,5,5823.43,0.10,26205.44
1823,1901,8,1,4724.08,0.00,4724.08
1824,1902,18,1,2668.56,0.05,2535.13
1825,1902,53,2,9542.36,0.00,19084.72
1826,1903,70,3,4568.97,0.15,11650.87
1827,1903,68,3,6103.04,0.20,14647.30
1828,1903,3,2,7649.11,0.00,15298.22
1829,1904,59,3,8151.68,0.05,23232.29
1830,1905,53,4,9542.36,0.10,34352.50
1831,1906,5,5,8668.62,0.05,41175.95
1832,1906,69,4,1204.46,0.05,4576.95
1833,1907,69,2,1204.46,0.15,2047.58
1834,1908,58,2,8336.76,0.20,13338.82
1835,1908,43,1,8422.93,0.00,8422.93
1836,1909,1,5,3639.78,0.10,16379.01
1837,1909,3,1,7649.11,0.00,7649.11
1838,1910,59,2,8151.68,0.15,13857.86
1839,1910,46,5,2707.05,0.00,13535.25
1840,1910,25,2,2080.65,0.00,4161.30
1841,1911,9,3,8349.63,0.05,23796.45
1842,1911,30,2,6182.84,0.00,12365.68
1843,1912,18,4,2668.56,0.00,10674.24
1844,1913,52,2,6709.84,0.00,13419.68
1845,1913,49,5,1285.41,0.00,6427.05
1846,1914,78,3,5823.43,0.20,13976.23
1847,1914,41,4,5118.67,0.00,20474.68
1848,1915,59,1,8151.68,0.00,8151.68
1849,1916,56,3,3578.06,0.00,10734.18
1850,1917,42,1,3873.14,0.00,3873.14
1851,1917,32,2,6846.41,0.15,11638.90
1852,1917,2,2,1634.15,0.15,2778.06
1853,1918,38,3,9071.00,0.15,23131.05
1854,1918,54,2,8757.65,0.10,15763.77
1855,1918,23,2,5182.19,0.15,8809.72
1856,1919,64,2,1418.86,0.05,2695.83
1857,1920,43,1,8422.93,0.10,7580.64
1858,1921,68,2,6103.04,0.00,12206.08
1859,1921,13,1,4614.13,0.05,4383.42
1860,1921,29,1,627.19,0.10,564.47
1861,1922,78,1,5823.43,0.05,5532.26
1862,1923,13,4,4614.13,0.10,16610.87
1863,1923,74,2,8515.96,0.00,17031.92
1864,1923,29,5,627.19,0.00,3135.95
1865,1924,14,2,582.59,0.00,1165.18
1866,1924,33,2,7739.50,0.20,12383.20
1867,1924,39,3,9473.85,0.20,22737.24
1868,1925,19,5,997.72,0.20,3990.88
1869,1925,5,4,8668.62,0.20,27739.58
1870,1926,21,4,3232.90,0.05,12285.02
1871,1927,28,4,1710.68,0.15,5816.31
1872,1927,34,5,8204.53,0.10,36920.39
1873,1928,63,5,8647.96,0.10,38915.82
1874,1928,13,3,4614.13,0.15,11766.03
1875,1929,30,4,6182.84,0.00,24731.36
1876,1930,56,5,3578.06,0.00,17890.30
1877,1930,65,2,7483.42,0.10,13470.16
1878,1931,77,2,9497.47,0.15,16145.70
1879,1931,68,5,6103.04,0.00,30515.20
1880,1931,69,3,1204.46,0.15,3071.37
1881,1932,22,5,6766.14,0.00,33830.70
1882,1932,20,5,9682.43,0.15,41150.33
1883,1932,55,2,2684.77,0.05,5101.06
1884,1933,18,3,2668.56,0.00,8005.68
1885,1933,10,3,4733.57,0.20,11360.57
1886,1934,62,2,2681.47,0.00,5362.94
1887,1935,10,2,4733.57,0.05,8993.78
1888,1935,18,4,2668.56,0.00,10674.24
1889,1936,16,5,7788.75,0.05,36996.56
1890,1936,68,1,6103.04,0.20,4882.43
1891,1936,77,4,9497.47,0.00,37989.88
1892,1937,6,4,868.21,0.05,3299.20
1893,1937,15,4,3765.20,0.10,13554.72
1894,1938,12,5,6128.06,0.15,26044.26
1895,1939,14,3,582.59,0.20,1398.22
1896,1939,36,3,7170.73,0.20,17209.75
1897,1939,66,3,5061.79,0.10,13666.83
1898,1940,64,2,1418.86,0.15,2412.06
1899,1940,56,3,3578.06,0.00,10734.18
1900,1940,63,5,8647.96,0.15,36753.83
1901,1941,13,5,4614.13,0.00,23070.65
1902,1941,16,2,7788.75,0.05,14798.62
1903,1941,75,5,857.89,0.10,3860.51
1904,1942,74,5,8515.96,0.00,42579.80
1905,1942,52,4,6709.84,0.20,21471.49
1906,1943,53,1,9542.36,0.20,7633.89
1907,1943,59,3,8151.68,0.05,23232.29
1908,1944,34,2,8204.53,0.00,16409.06
1909,1944,72,5,2889.64,0.20,11558.56
1910,1945,46,5,2707.05,0.15,11504.96
1911,1945,30,3,6182.84,0.05,17621.09
1912,1946,49,2,1285.41,0.05,2442.28
1913,1947,3,1,7649.11,0.00,7649.11
1914,1947,75,3,857.89,0.15,2187.62
1915,1948,12,5,6128.06,0.20,24512.24
1916,1949,14,3,582.59,0.15,1485.60
1917,1949,73,1,3759.45,0.05,3571.48
1918,1950,29,2,627.19,0.00,1254.38
1919,1950,29,4,627.19,0.20,2007.01
1920,1951,57,4,633.49,0.15,2153.87
1921,1951,71,5,3644.16,0.00,18220.80
1922,1952,56,3,3578.06,0.05,10197.47
1923,1952,31,3,3231.79,0.15,8241.06
1924,1953,65,4,7483.42,0.15,25443.63
1925,1954,35,5,710.36,0.00,3551.80
1926,1954,59,5,8151.68,0.10,36682.56
1927,1955,72,1,2889.64,0.05,2745.16
1928,1955,62,2,2681.47,0.00,5362.94
1929,1956,63,4,8647.96,0.20,27673.47
1930,1956,18,4,2668.56,0.00,10674.24
1931,1956,58,3,8336.76,0.15,21258.74
1932,1957,1,5,3639.78,0.00,18198.90
1933,1957,46,5,2707.05,0.00,13535.25
1934,1958,23,2,5182.19,0.00,10364.38
1935,1958,64,1,1418.86,0.05,1347.92
1936,1958,12,1,6128.06,0.10,5515.25
1937,1959,40,3,9317.62,0.00,27952.86
1938,1960,30,3,6182.84,0.20,14838.82
1939,1961,72,1,2889.64,0.20,2311.71
1940,1962,40,1,9317.62,0.15,7919.98
1941,1962,73,3,3759.45,0.00,11278.35
1942,1963,13,2,4614.13,0.15,7844.02
1943,1963,48,5,666.94,0.00,3334.70
1944,1964,69,1,1204.46,0.05,1144.24
1945,1965,78,2,5823.43,0.15,9899.83
1946,1966,9,3,8349.63,0.00,25048.89
1947,1966,47,2,7805.49,0.00,15610.98
1948,1966,63,2,8647.96,0.10,15566.33
1949,1967,42,5,3873.14,0.15,16460.85
1950,1967,74,5,8515.96,0.15,36192.83
1951,1967,51,5,6224.13,0.20,24896.52
1952,1968,55,4,2684.77,0.10,9665.17
1953,1968,49,1,1285.41,0.10,1156.87
1954,1968,4,4,4745.74,0.00,18982.96
1955,1969,8,5,4724.08,0.00,23620.40
1956,1969,25,1,2080.65,0.05,1976.62
1957,1970,25,3,2080.65,0.15,5305.66
1958,1970,7,4,5994.91,0.20,19183.71
1959,1971,29,3,627.19,0.00,1881.57
1960,1972,15,3,3765.20,0.00,11295.60
1961,1972,31,3,3231.79,0.00,9695.37
1962,1972,50,2,7240.73,0.05,13757.39
1963,1973,74,3,8515.96,0.00,25547.88
1964,1973,35,4,710.36,0.20,2273.15
1965,1973,2,4,1634.15,0.10,5882.94
1966,1974,51,1,6224.13,0.20,4979.30
1967,1974,58,2,8336.76,0.20,13338.82
1968,1974,29,1,627.19,0.20,501.75
1969,1975,22,3,6766.14,0.20,16238.74
1970,1975,51,3,6224.13,0.15,15871.53
1971,1976,12,5,6128.06,0.10,27576.27
1972,1977,30,1,6182.84,0.10,5564.56
1973,1978,57,2,633.49,0.10,1140.28
1974,1978,77,1,9497.47,0.20,7597.98
1975,1979,44,3,574.37,0.00,1723.11
1976,1980,65,1,7483.42,0.00,7483.42
1977,1980,24,2,1965.58,0.05,3734.60
1978,1981,21,2,3232.90,0.15,5495.93
1979,1981,41,1,5118.67,0.00,5118.67
1980,1981,9,4,8349.63,0.15,28388.74
1981,1982,14,2,582.59,0.00,1165.18
1982,1983,5,5,8668.62,0.15,36841.64
1983,1984,50,4,7240.73,0.20,23170.34
1984,1984,31,4,3231.79,0.15,10988.09
1985,1984,33,3,7739.50,0.20,18574.80
1986,1985,23,4,5182.19,0.05,19692.32
1987,1985,21,3,3232.90,0.20,7758.96
1988,1986,70,2,4568.97,0.10,8224.15
1989,1986,17,3,844.94,0.00,2534.82
1990,1986,52,4,6709.84,0.10,24155.42
1991,1987,42,4,3873.14,0.00,15492.56
1992,1987,68,2,6103.04,0.00,12206.08
1993,1988,40,2,9317.62,0.10,16771.72
1994,1988,19,4,997.72,0.00,3990.88
1995,1989,71,2,3644.16,0.20,5830.66
1996,1989,50,5,7240.73,0.10,32583.28
1997,1990,73,2,3759.45,0.20,6015.12
1998,1990,52,5,6709.84,0.00,33549.20
1999,1991,41,5,5118.67,0.15,21754.35
2000,1991,68,1,6103.04,0.20,4882.43
2001,1992,41,3,5118.67,0.00,15356.01
2002,1993,61,3,3291.84,0.20,7900.42
2003,1993,23,3,5182.19,0.05,14769.24
2004,1994,80,4,452.95,0.00,1811.80
2005,1994,72,5,2889.64,0.20,11558.56
2006,1994,61,3,3291.84,0.20,7900.42
2007,1995,18,4,2668.56,0.10,9606.82
2008,1996,24,4,1965.58,0.00,7862.32
2009,1996,63,5,8647.96,0.05,41077.81
2010,1996,44,1,574.37,0.05,545.65
2011,1997,26,3,3097.76,0.05,8828.62
2012,1997,11,3,9107.69,0.15,23224.61
2013,1997,64,1,1418.86,0.15,1206.03
2014,1998,4,4,4745.74,0.05,18033.81
2015,1998,22,1,6766.14,0.20,5412.91
2016,1998,31,3,3231.79,0.05,9210.60
2017,1999,71,1,3644.16,0.00,3644.16
2018,1999,80,1,452.95,0.20,362.36
2019,2000,35,4,710.36,0.05,2699.37
2020,2001,34,5,8204.53,0.00,41022.65
2021,2001,63,3,8647.96,0.05,24646.69
2022,2001,11,4,9107.69,0.20,29144.61
2023,2002,10,2,4733.57,0.05,8993.78
2024,2003,2,3,1634.15,0.15,4167.08
2025,2003,10,2,4733.57,0.15,8047.07
2026,2003,59,3,8151.68,0.20,19564.03
2027,2004,12,1,6128.06,0.00,6128.06
2028,2005,68,2,6103.04,0.10,10985.47
2029,2005,26,4,3097.76,0.15,10532.38
2030,2006,11,2,9107.69,0.00,18215.38
2031,2007,42,2,3873.14,0.00,7746.28
2032,2008,28,4,1710.68,0.05,6500.58
2033,2008,45,2,4595.29,0.15,7811.99
2034,2009,9,4,8349.63,0.05,31728.59
2035,2010,12,3,6128.06,0.15,15626.55
2036,2010,47,5,7805.49,0.20,31221.96
2037,2010,9,5,8349.63,0.05,39660.74
2038,2011,41,5,5118.67,0.20,20474.68
2039,2011,25,2,2080.65,0.15,3537.11
2040,2012,52,4,6709.84,0.10,24155.42
2041,2012,58,2,8336.76,0.00,16673.52
2042,2013,47,1,7805.49,0.10,7024.94
2043,2013,23,2,5182.19,0.15,8809.72
2044,2014,44,2,574.37,0.00,1148.74
2045,2014,64,4,1418.86,0.00,5675.44
2046,2015,56,2,3578.06,0.10,6440.51
2047,2015,8,3,4724.08,0.00,14172.24
2048,2016,64,2,1418.86,0.10,2553.95
2049,2016,63,1,8647.96,0.05,8215.56
2050,2016,21,3,3232.90,0.20,7758.96
2051,2017,44,3,574.37,0.20,1378.49
2052,2017,17,3,844.94,0.15,2154.60
2053,2018,42,2,3873.14,0.05,7358.97
2054,2019,74,2,8515.96,0.20,13625.54
2055,2019,76,5,9503.78,0.00,47518.90
2056,2020,50,2,7240.73,0.15,12309.24
2057,2021,50,2,7240.73,0.05,13757.39
2058,2021,19,3,997.72,0.00,2993.16
2059,2022,72,2,2889.64,0.05,5490.32
2060,2022,41,4,5118.67,0.05,19450.95
2061,2023,65,3,7483.42,0.00,22450.26
2062,2023,49,4,1285.41,0.20,4113.31
2063,2023,2,3,1634.15,0.05,4657.33
2064,2024,60,2,3074.74,0.10,5534.53
2065,2024,49,5,1285.41,0.00,6427.05
2066,2025,78,4,5823.43,0.05,22129.03
2067,2025,21,5,3232.90,0.00,16164.50
2068,2025,42,1,3873.14,0.00,3873.14
2069,2026,49,5,1285.41,0.00,6427.05
2070,2026,56,3,3578.06,0.10,9660.76
2071,2026,23,3,5182.19,0.15,13214.58
2072,2027,17,4,844.94,0.00,3379.76
2073,2027,9,2,8349.63,0.00,16699.26
2074,2027,14,5,582.59,0.00,2912.95
2075,2028,9,4,8349.63,0.10,30058.67
2076,2028,70,1,4568.97,0.15,3883.62
2077,2029,15,3,3765.20,0.00,11295.60
2078,2030,6,2,868.21,0.00,1736.42
2079,2031,66,3,5061.79,0.10,13666.83
2080,2032,5,2,8668.62,0.00,17337.24
2081,2032,75,4,857.89,0.00,3431.56
2082,2032,45,1,4595.29,0.15,3906.00
2083,2033,80,3,452.95,0.05,1290.91
2084,2034,42,3,3873.14,0.10,10457.48
2085,2035,66,4,5061.79,0.00,20247.16
2086,2035,24,1,1965.58,0.00,1965.58
2087,2035,50,1,7240.73,0.20,5792.58
2088,2036,7,2,5994.91,0.15,10191.35
2089,2036,33,2,7739.50,0.15,13157.15
2090,2037,50,3,7240.73,0.10,19549.97
2091,2037,51,5,6224.13,0.00,31120.65
2092,2038,1,1,3639.78,0.15,3093.81
2093,2039,73,2,3759.45,0.00,7518.90
2094,2039,7,3,5994.91,0.00,17984.73
2095,2039,25,4,2080.65,0.20,6658.08
2096,2040,39,2,9473.85,0.05,18000.31
2097,2041,12,2,6128.06,0.10,11030.51
2098,2042,51,4,6224.13,0.00,24896.52
2099,2043,6,1,868.21,0.05,824.80
2100,2043,37,4,1020.98,0.00,4083.92
2101,2043,35,1,710.36,0.20,568.29
2102,2044,72,4,2889.64,0.00,11558.56
2103,2044,7,3,5994.91,0.05,17085.49
2104,2045,48,5,666.94,0.15,2834.50
2105,2045,19,3,997.72,0.20,2394.53
2106,2046,19,4,997.72,0.20,3192.70
2107,2046,70,4,4568.97,0.05,17362.09
2108,2047,60,4,3074.74,0.15,10454.12
2109,2047,22,1,6766.14,0.05,6427.83
2110,2047,65,2,7483.42,0.15,12721.81
2111,2048,54,1,8757.65,0.15,7444.00
2112,2049,30,3,6182.84,0.10,16693.67
2113,2049,15,3,3765.20,0.20,9036.48
2114,2049,48,5,666.94,0.10,3001.23
2115,2050,59,2,8151.68,0.20,13042.69
2116,2050,25,1,2080.65,0.15,1768.55
2117,2050,14,4,582.59,0.00,2330.36
2118,2051,13,2,4614.13,0.00,9228.26
2119,2051,3,1,7649.11,0.05,7266.65
2120,2051,16,2,7788.75,0.00,15577.50
2121,2052,52,1,6709.84,0.20,5367.87
2122,2052,77,3,9497.47,0.05,27067.79
2123,2052,50,3,7240.73,0.00,21722.19
2124,2053,41,3,5118.67,0.00,15356.01
2125,2053,33,4,7739.50,0.10,27862.20
2126,2054,63,1,8647.96,0.10,7783.16
2127,2055,44,2,574.37,0.15,976.43
2128,2055,61,1,3291.84,0.05,3127.25
2129,2056,17,5,844.94,0.20,3379.76
2130,2057,73,4,3759.45,0.15,12782.13
2131,2057,7,3,5994.91,0.15,15287.02
2132,2057,16,5,7788.75,0.10,35049.38
2133,2058,55,1,2684.77,0.20,2147.82
2134,2058,20,1,9682.43,0.00,9682.43
2135,2059,6,3,868.21,0.00,2604.63
2136,2059,29,3,627.19,0.20,1505.26
2137,2060,17,5,844.94,0.15,3591.00
2138,2061,48,5,666.94,0.00,3334.70
2139,2061,54,4,8757.65,0.00,35030.60
2140,2061,36,4,7170.73,0.15,24380.48
2141,2062,65,2,7483.42,0.00,14966.84
2142,2062,16,1,7788.75,0.00,7788.75
2143,2063,34,4,8204.53,0.00,32818.12
2144,2063,24,5,1965.58,0.10,8845.11
2145,2063,15,5,3765.20,0.00,18826.00
2146,2064,8,5,4724.08,0.00,23620.40
2147,2064,15,5,3765.20,0.20,15060.80
2148,2065,62,2,2681.47,0.00,5362.94
2149,2066,70,1,4568.97,0.00,4568.97
2150,2066,17,5,844.94,0.00,4224.70
2151,2066,9,4,8349.63,0.15,28388.74
2152,2067,53,1,9542.36,0.10,8588.12
2153,2067,6,3,868.21,0.10,2344.17
2154,2068,17,4,844.94,0.15,2872.80
2155,2069,10,4,4733.57,0.15,16094.14
2156,2069,4,4,4745.74,0.00,18982.96
2157,2070,60,3,3074.74,0.05,8763.01
2158,2070,69,5,1204.46,0.05,5721.18
2159,2071,74,2,8515.96,0.10,15328.73
2160,2071,44,1,574.37,0.20,459.50
2161,2071,63,3,8647.96,0.15,22052.30
2162,2072,30,3,6182.84,0.05,17621.09
2163,2072,31,5,3231.79,0.00,16158.95
2164,2072,45,3,4595.29,0.00,13785.87
2165,2073,25,5,2080.65,0.00,10403.25
2166,2073,38,2,9071.00,0.20,14513.60
2167,2074,23,1,5182.19,0.20,4145.75
2168,2074,38,2,9071.00,0.00,18142.00
2169,2074,77,3,9497.47,0.00,28492.41
2170,2075,69,3,1204.46,0.00,3613.38
2171,2075,33,5,7739.50,0.00,38697.50
2172,2076,64,4,1418.86,0.15,4824.12
2173,2076,75,3,857.89,0.15,2187.62
2174,2077,56,4,3578.06,0.05,13596.63
2175,2077,16,2,7788.75,0.00,15577.50
2176,2078,69,3,1204.46,0.00,3613.38
2177,2078,13,4,4614.13,0.00,18456.52
2178,2078,6,5,868.21,0.00,4341.05
2179,2079,29,5,627.19,0.15,2665.56
2180,2080,41,2,5118.67,0.00,10237.34
2181,2080,50,2,7240.73,0.15,12309.24
2182,2080,79,1,3279.98,0.00,3279.98
2183,2081,53,2,9542.36,0.00,19084.72
2184,2082,31,3,3231.79,0.10,8725.83
2185,2083,57,4,633.49,0.00,2533.96
2186,2083,50,5,7240.73,0.10,32583.28
2187,2083,3,5,7649.11,0.05,36333.27
2188,2084,65,5,7483.42,0.10,33675.39
2189,2084,57,5,633.49,0.00,3167.45
2190,2085,28,3,1710.68,0.05,4875.44
2191,2086,73,2,3759.45,0.20,6015.12
2192,2087,49,1,1285.41,0.10,1156.87
2193,2087,56,4,3578.06,0.10,12881.02
2194,2088,62,2,2681.47,0.00,5362.94
2195,2088,29,5,627.19,0.20,2508.76
2196,2089,21,1,3232.90,0.15,2747.97
2197,2089,71,1,3644.16,0.05,3461.95
2198,2089,11,5,9107.69,0.05,43261.53
2199,2090,53,3,9542.36,0.00,28627.08
2200,2091,55,2,2684.77,0.00,5369.54
2201,2091,3,2,7649.11,0.15,13003.49
2202,2092,71,3,3644.16,0.20,8745.98
2203,2092,23,2,5182.19,0.15,8809.72
2204,2093,65,5,7483.42,0.00,37417.10
2205,2094,31,5,3231.79,0.05,15351.00
2206,2095,78,1,5823.43,0.00,5823.43
2207,2096,51,5,6224.13,0.15,26452.55
2208,2096,52,5,6709.84,0.10,30194.28
2209,2097,65,4,7483.42,0.00,29933.68
2210,2098,49,4,1285.41,0.05,4884.56
2211,2098,48,1,666.94,0.05,633.59
2212,2099,18,3,2668.56,0.10,7205.11
2213,2099,32,2,6846.41,0.00,13692.82
2214,2099,30,4,6182.84,0.05,23494.79
2215,2100,54,1,8757.65,0.00,8757.65
2216,2101,50,4,7240.73,0.00,28962.92
2217,2101,77,3,9497.47,0.05,27067.79
2218,2102,65,2,7483.42,0.00,14966.84
2219,2102,13,2,4614.13,0.20,7382.61
2220,2103,43,5,8422.93,0.10,37903.19
2221,2103,45,5,4595.29,0.05,21827.63
2222,2104,5,5,8668.62,0.20,34674.48
2223,2104,73,5,3759.45,0.00,18797.25
2224,2104,20,4,9682.43,0.05,36793.23
2225,2105,12,5,6128.06,0.10,27576.27
2226,2106,25,4,2080.65,0.15,7074.21
2227,2107,21,1,3232.90,0.05,3071.26
2228,2108,59,3,8151.68,0.15,20786.78
2229,2109,76,5,9503.78,0.20,38015.12
2230,2109,36,5,7170.73,0.00,35853.65
2231,2109,29,1,627.19,0.10,564.47
2232,2110,39,3,9473.85,0.00,28421.55
2233,2110,19,5,997.72,0.00,4988.60
2234,2110,29,2,627.19,0.10,1128.94
2235,2111,43,3,8422.93,0.00,25268.79
2236,2111,32,2,6846.41,0.15,11638.90
2237,2111,62,1,2681.47,0.05,2547.40
2238,2112,43,3,8422.93,0.00,25268.79
2239,2113,31,3,3231.79,0.00,9695.37
2240,2113,79,2,3279.98,0.05,6231.96
2241,2114,2,2,1634.15,0.15,2778.06
2242,2115,5,2,8668.62,0.05,16470.38
2243,2116,43,1,8422.93,0.00,8422.93
2244,2116,75,1,857.89,0.00,857.89
2245,2117,38,5,9071.00,0.15,38551.75
2246,2117,10,5,4733.57,0.05,22484.46
2247,2117,18,1,2668.56,0.10,2401.70
2248,2118,51,3,6224.13,0.20,14937.91
2249,2119,52,4,6709.84,0.00,26839.36
2250,2119,40,3,9317.62,0.00,27952.86
2251,2120,16,2,7788.75,0.00,15577.50
2252,2120,58,2,8336.76,0.00,16673.52
2253,2120,10,3,4733.57,0.05,13490.67
2254,2121,71,5,3644.16,0.05,17309.76
2255,2121,27,4,8787.65,0.20,28120.48
2256,2121,5,3,8668.62,0.00,26005.86
2257,2122,24,4,1965.58,0.10,7076.09
2258,2122,51,3,6224.13,0.10,16805.15
2259,2123,22,3,6766.14,0.10,18268.58
2260,2124,78,4,5823.43,0.05,22129.03
2261,2124,26,2,3097.76,0.10,5575.97
2262,2124,5,1,8668.62,0.20,6934.90
2263,2125,65,2,7483.42,0.00,14966.84
2264,2125,19,3,997.72,0.20,2394.53
2265,2126,76,5,9503.78,0.05,45142.96
2266,2126,69,4,1204.46,0.00,4817.84
2267,2126,37,3,1020.98,0.00,3062.94
2268,2127,78,5,5823.43,0.00,29117.15
2269,2127,41,5,5118.67,0.00,25593.35
2270,2128,34,1,8204.53,0.15,6973.85
2271,2128,30,1,6182.84,0.00,6182.84
2272,2129,69,5,1204.46,0.10,5420.07
2273,2129,3,5,7649.11,0.20,30596.44
2274,2130,71,3,3644.16,0.00,10932.48
2275,2130,31,4,3231.79,0.15,10988.09
2276,2130,43,2,8422.93,0.15,14318.98
2277,2131,62,1,2681.47,0.00,2681.47
2278,2132,54,2,8757.65,0.10,15763.77
2279,2132,27,2,8787.65,0.05,16696.53
2280,2133,1,2,3639.78,0.00,7279.56
2281,2134,60,5,3074.74,0.00,15373.70
2282,2134,62,5,2681.47,0.05,12736.98
2283,2134,11,3,9107.69,0.00,27323.07
2284,2135,21,2,3232.90,0.05,6142.51
2285,2136,50,4,7240.73,0.00,28962.92
2286,2136,66,4,5061.79,0.00,20247.16
2287,2137,72,4,2889.64,0.10,10402.70
2288,2137,42,3,3873.14,0.00,11619.42
2289,2138,48,3,666.94,0.10,1800.74
2290,2139,72,1,2889.64,0.15,2456.19
2291,2139,18,4,2668.56,0.10,9606.82
2292,2139,71,5,3644.16,0.20,14576.64
2293,2140,55,3,2684.77,0.00,8054.31
2294,2140,14,1,582.59,0.05,553.46
2295,2140,18,3,2668.56,0.10,7205.11
2296,2141,64,3,1418.86,0.20,3405.26
2297,2142,12,2,6128.06,0.15,10417.70
2298,2142,78,5,5823.43,0.00,29117.15
2299,2142,47,1,7805.49,0.00,7805.49
2300,2143,11,2,9107.69,0.00,18215.38
2301,2143,36,3,7170.73,0.15,18285.36
2302,2143,70,1,4568.97,0.20,3655.18
2303,2144,40,4,9317.62,0.00,37270.48
2304,2145,1,1,3639.78,0.10,3275.80
2305,2145,6,4,868.21,0.05,3299.20
2306,2145,52,5,6709.84,0.00,33549.20
2307,2146,73,1,3759.45,0.20,3007.56
2308,2147,1,5,3639.78,0.05,17288.96
2309,2147,74,2,8515.96,0.10,15328.73
2310,2148,45,2,4595.29,0.10,8271.52
2311,2148,76,4,9503.78,0.15,32312.85
2312,2149,15,4,3765.20,0.15,12801.68
2313,2150,32,2,6846.41,0.20,10954.26
2314,2150,6,2,868.21,0.00,1736.42
2315,2150,6,1,868.21,0.20,694.57
2316,2151,27,1,8787.65,0.20,7030.12
2317,2151,2,4,1634.15,0.00,6536.60
2318,2151,44,2,574.37,0.10,1033.87
2319,2152,67,3,8050.25,0.10,21735.67
2320,2152,26,2,3097.76,0.00,6195.52
2321,2153,7,3,5994.91,0.00,17984.73
2322,2153,56,4,3578.06,0.00,14312.24
2323,2154,37,2,1020.98,0.05,1939.86
2324,2155,59,3,8151.68,0.05,23232.29
2325,2155,29,4,627.19,0.00,2508.76
2326,2155,36,4,7170.73,0.10,25814.63
2327,2156,63,4,8647.96,0.00,34591.84
2328,2157,67,3,8050.25,0.20,19320.60
2329,2157,52,1,6709.84,0.00,6709.84
2330,2157,73,1,3759.45,0.00,3759.45
2331,2158,3,3,7649.11,0.20,18357.86
2332,2159,40,4,9317.62,0.05,35406.96
2333,2160,80,2,452.95,0.00,905.90
2334,2160,42,1,3873.14,0.05,3679.48
2335,2161,3,1,7649.11,0.00,7649.11
2336,2161,73,2,3759.45,0.00,7518.90
2337,2161,53,1,9542.36,0.00,9542.36
2338,2162,18,2,2668.56,0.20,4269.70
2339,2162,28,2,1710.68,0.05,3250.29
2340,2162,13,1,4614.13,0.05,4383.42
2341,2163,44,2,574.37,0.15,976.43
2342,2164,70,2,4568.97,0.20,7310.35
2343,2164,1,4,3639.78,0.00,14559.12
2344,2165,55,3,2684.77,0.05,7651.59
2345,2166,3,3,7649.11,0.00,22947.33
2346,2166,23,2,5182.19,0.00,10364.38
2347,2166,6,2,868.21,0.00,1736.42
2348,2167,80,2,452.95,0.00,905.90
2349,2168,9,2,8349.63,0.10,15029.33
2350,2169,54,1,8757.65,0.00,8757.65
2351,2169,21,2,3232.90,0.00,6465.80
2352,2169,20,4,9682.43,0.00,38729.72
2353,2170,21,5,3232.90,0.15,13739.82
2354,2170,73,2,3759.45,0.10,6767.01
2355,2171,28,1,1710.68,0.00,1710.68
2356,2171,52,3,6709.84,0.10,18116.57
2357,2171,69,4,1204.46,0.00,4817.84
2358,2172,62,4,2681.47,0.20,8580.70
2359,2172,75,2,857.89,0.00,1715.78
2360,2172,67,2,8050.25,0.15,13685.42
2361,2173,11,3,9107.69,0.15,23224.61
2362,2173,69,1,1204.46,0.05,1144.24
2363,2173,34,3,8204.53,0.15,20921.55
2364,2174,12,5,6128.06,0.00,30640.30
2365,2175,36,3,7170.73,0.00,21512.19
2366,2175,5,1,8668.62,0.00,8668.62
2367,2175,4,1,4745.74,0.00,4745.74
2368,2176,57,5,633.49,0.20,2533.96
2369,2177,15,5,3765.20,0.20,15060.80
2370,2177,38,3,9071.00,0.05,25852.35
2371,2178,10,2,4733.57,0.00,9467.14
2372,2178,37,5,1020.98,0.15,4339.16
2373,2178,6,3,868.21,0.10,2344.17
2374,2179,7,1,5994.91,0.20,4795.93
2375,2179,34,2,8204.53,0.10,14768.15
2376,2179,45,3,4595.29,0.00,13785.87
2377,2180,16,2,7788.75,0.10,14019.75
2378,2180,20,3,9682.43,0.15,24690.20
2379,2180,30,3,6182.84,0.05,17621.09
2380,2181,6,4,868.21,0.00,3472.84
2381,2181,53,2,9542.36,0.00,19084.72
2382,2181,53,5,9542.36,0.15,40555.03
2383,2182,35,1,710.36,0.00,710.36
2384,2183,34,2,8204.53,0.15,13947.70
2385,2183,61,4,3291.84,0.00,13167.36
2386,2183,67,2,8050.25,0.10,14490.45
2387,2184,9,2,8349.63,0.20,13359.41
2388,2185,40,4,9317.62,0.05,35406.96
2389,2185,21,1,3232.90,0.00,3232.90
2390,2185,54,2,8757.65,0.05,16639.53
2391,2186,50,3,7240.73,0.20,17377.75
2392,2187,30,3,6182.84,0.05,17621.09
2393,2187,70,2,4568.97,0.05,8681.04
2394,2188,36,3,7170.73,0.15,18285.36
2395,2188,74,5,8515.96,0.15,36192.83
2396,2189,65,5,7483.42,0.00,37417.10
2397,2189,36,3,7170.73,0.20,17209.75
2398,2189,18,4,2668.56,0.15,9073.10
2399,2190,8,3,4724.08,0.00,14172.24
2400,2190,27,2,8787.65,0.00,17575.30
2401,2190,46,2,2707.05,0.15,4601.99
2402,2191,12,1,6128.06,0.20,4902.45
2403,2192,12,2,6128.06,0.10,11030.51
2404,2192,28,2,1710.68,0.10,3079.22
2405,2192,42,2,3873.14,0.00,7746.28
2406,2193,50,1,7240.73,0.10,6516.66
2407,2193,65,4,7483.42,0.15,25443.63
2408,2194,43,4,8422.93,0.00,33691.72
2409,2195,64,3,1418.86,0.20,3405.26
2410,2195,37,5,1020.98,0.00,5104.90
2411,2196,18,1,2668.56,0.00,2668.56
2412,2196,40,5,9317.62,0.00,46588.10
2413,2197,30,4,6182.84,0.15,21021.66
2414,2198,21,2,3232.90,0.15,5495.93
2415,2198,78,5,5823.43,0.00,29117.15
2416,2198,10,2,4733.57,0.10,8520.43
2417,2199,38,2,9071.00,0.15,15420.70
2418,2200,51,4,6224.13,0.10,22406.87
2419,2200,6,5,868.21,0.20,3472.84
2420,2201,8,5,4724.08,0.00,23620.40
2421,2202,59,1,8151.68,0.05,7744.10
2422,2202,28,1,1710.68,0.00,1710.68
2423,2202,28,3,1710.68,0.05,4875.44
2424,2203,63,4,8647.96,0.15,29403.06
2425,2203,19,5,997.72,0.00,4988.60
2426,2204,1,5,3639.78,0.10,16379.01
2427,2204,25,3,2080.65,0.05,5929.85
2428,2204,31,4,3231.79,0.20,10341.73
2429,2205,14,3,582.59,0.10,1572.99
2430,2206,24,1,1965.58,0.20,1572.46
2431,2206,58,3,8336.76,0.15,21258.74
2432,2206,22,4,6766.14,0.15,23004.88
2433,2207,77,4,9497.47,0.00,37989.88
2434,2207,67,3,8050.25,0.00,24150.75
2435,2207,69,3,1204.46,0.15,3071.37
2436,2208,38,1,9071.00,0.15,7710.35
2437,2209,29,3,627.19,0.00,1881.57
2438,2210,20,4,9682.43,0.20,30983.78
2439,2210,16,4,7788.75,0.10,28039.50
2440,2211,30,5,6182.84,0.15,26277.07
2441,2211,29,3,627.19,0.20,1505.26
2442,2211,78,3,5823.43,0.20,13976.23
2443,2212,16,2,7788.75,0.20,12462.00
2444,2212,73,5,3759.45,0.10,16917.53
2445,2213,19,4,997.72,0.20,3192.70
2446,2213,35,1,710.36,0.15,603.81
2447,2213,49,5,1285.41,0.10,5784.35
2448,2214,55,1,2684.77,0.20,2147.82
2449,2214,19,2,997.72,0.15,1696.12
2450,2215,70,2,4568.97,0.00,9137.94
2451,2215,76,3,9503.78,0.15,24234.64
2452,2216,1,5,3639.78,0.10,16379.01
2453,2217,10,1,4733.57,0.20,3786.86
2454,2218,8,5,4724.08,0.20,18896.32
2455,2218,36,1,7170.73,0.05,6812.19
2456,2218,78,1,5823.43,0.20,4658.74
2457,2219,57,4,633.49,0.20,2027.17
2458,2219,19,1,997.72,0.20,798.18
2459,2219,48,2,666.94,0.20,1067.10
2460,2220,21,1,3232.90,0.20,2586.32
2461,2220,58,2,8336.76,0.20,13338.82
2462,2221,12,4,6128.06,0.20,19609.79
2463,2221,61,4,3291.84,0.00,13167.36
2464,2221,21,5,3232.90,0.20,12931.60
2465,2222,26,4,3097.76,0.00,12391.04
2466,2223,14,4,582.59,0.15,1980.81
2467,2223,11,4,9107.69,0.00,36430.76
2468,2224,15,2,3765.20,0.10,6777.36
2469,2224,31,5,3231.79,0.20,12927.16
2470,2225,28,4,1710.68,0.00,6842.72
2471,2226,19,4,997.72,0.05,3791.34
2472,2227,27,3,8787.65,0.00,26362.95
2473,2227,51,4,6224.13,0.15,21162.04
2474,2228,21,1,3232.90,0.10,2909.61
2475,2229,22,5,6766.14,0.15,28756.10
2476,2229,44,4,574.37,0.20,1837.98
2477,2230,70,3,4568.97,0.10,12336.22
2478,2231,70,4,4568.97,0.10,16448.29
2479,2231,16,4,7788.75,0.10,28039.50
2480,2231,8,4,4724.08,0.10,17006.69
2481,2232,70,2,4568.97,0.00,9137.94
2482,2232,22,2,6766.14,0.00,13532.28
2483,2233,43,5,8422.93,0.10,37903.19
2484,2234,23,1,5182.19,0.15,4404.86
2485,2234,18,3,2668.56,0.15,6804.83
2486,2234,51,4,6224.13,0.15,21162.04
2487,2235,70,1,4568.97,0.00,4568.97
2488,2235,17,1,844.94,0.05,802.69
2489,2236,17,3,844.94,0.15,2154.60
2490,2236,44,5,574.37,0.15,2441.07
2491,2237,65,4,7483.42,0.00,29933.68
2492,2237,57,1,633.49,0.05,601.82
2493,2237,23,2,5182.19,0.15,8809.72
2494,2238,79,4,3279.98,0.05,12463.92
2495,2239,50,5,7240.73,0.00,36203.65
2496,2239,80,5,452.95,0.10,2038.28
2497,2240,64,1,1418.86,0.20,1135.09
2498,2241,7,3,5994.91,0.00,17984.73
2499,2241,47,4,7805.49,0.10,28099.76
2500,2242,70,2,4568.97,0.20,7310.35
2501,2242,44,3,574.37,0.05,1636.95
2502,2243,46,5,2707.05,0.05,12858.49
2503,2244,70,5,4568.97,0.00,22844.85
2504,2245,44,4,574.37,0.00,2297.48
2505,2245,44,4,574.37,0.00,2297.48
2506,2245,74,2,8515.96,0.10,15328.73
2507,2246,14,5,582.59,0.20,2330.36
2508,2246,51,3,6224.13,0.05,17738.77
2509,2246,4,4,4745.74,0.15,16135.52
2510,2247,37,3,1020.98,0.00,3062.94
2511,2247,1,2,3639.78,0.05,6915.58
2512,2247,80,1,452.95,0.20,362.36
2513,2248,43,5,8422.93,0.00,42114.65
2514,2248,35,1,710.36,0.00,710.36
2515,2248,47,2,7805.49,0.10,14049.88
2516,2249,26,1,3097.76,0.00,3097.76
2517,2249,23,3,5182.19,0.15,13214.58
2518,2250,6,1,868.21,0.15,737.98
2519,2250,35,2,710.36,0.20,1136.58
2520,2251,79,5,3279.98,0.00,16399.90
2521,2251,76,5,9503.78,0.10,42767.01
2522,2252,17,2,844.94,0.15,1436.40
2523,2252,68,5,6103.04,0.05,28989.44
2524,2253,75,5,857.89,0.10,3860.51
2525,2253,58,5,8336.76,0.10,37515.42
2526,2254,36,5,7170.73,0.20,28682.92
2527,2254,44,5,574.37,0.10,2584.66
2528,2255,79,1,3279.98,0.00,3279.98
2529,2255,55,3,2684.77,0.00,8054.31
2530,2256,30,5,6182.84,0.20,24731.36
2531,2256,30,1,6182.84,0.00,6182.84
2532,2256,17,1,844.94,0.05,802.69
2533,2257,67,2,8050.25,0.20,12880.40
2534,2258,67,5,8050.25,0.15,34213.56
2535,2258,50,4,7240.73,0.15,24618.48
2536,2259,38,4,9071.00,0.00,36284.00
2537,2259,1,2,3639.78,0.05,6915.58
2538,2259,66,2,5061.79,0.05,9617.40
2539,2260,18,2,2668.56,0.00,5337.12
2540,2260,17,2,844.94,0.15,1436.40
2541,2260,19,1,997.72,0.20,798.18
2542,2261,67,2,8050.25,0.10,14490.45
2543,2262,22,4,6766.14,0.10,24358.10
2544,2262,67,1,8050.25,0.20,6440.20
2545,2262,59,2,8151.68,0.00,16303.36
2546,2263,35,4,710.36,0.00,2841.44
2547,2263,49,2,1285.41,0.15,2185.20
2548,2263,5,3,8668.62,0.00,26005.86
2549,2264,14,4,582.59,0.00,2330.36
2550,2264,71,2,3644.16,0.20,5830.66
2551,2264,57,1,633.49,0.20,506.79
2552,2265,28,5,1710.68,0.20,6842.72
2553,2265,75,2,857.89,0.00,1715.78
2554,2265,42,2,3873.14,0.00,7746.28
2555,2266,55,3,2684.77,0.20,6443.45
2556,2267,47,2,7805.49,0.15,13269.33
2557,2267,70,2,4568.97,0.05,8681.04
2558,2268,21,4,3232.90,0.05,12285.02
2559,2269,79,1,3279.98,0.00,3279.98
2560,2269,58,5,8336.76,0.15,35431.23
2561,2270,43,2,8422.93,0.20,13476.69
2562,2271,75,5,857.89,0.15,3646.03
2563,2272,7,5,5994.91,0.00,29974.55
2564,2272,23,1,5182.19,0.00,5182.19
2565,2273,48,5,666.94,0.05,3167.97
2566,2273,24,2,1965.58,0.20,3144.93
2567,2273,69,4,1204.46,0.00,4817.84
2568,2274,11,5,9107.69,0.15,38707.68
2569,2274,42,1,3873.14,0.10,3485.83
2570,2274,9,3,8349.63,0.00,25048.89
2571,2275,22,5,6766.14,0.20,27064.56
2572,2275,45,1,4595.29,0.00,4595.29
2573,2275,39,2,9473.85,0.10,17052.93
2574,2276,54,4,8757.65,0.00,35030.60
2575,2276,27,5,8787.65,0.10,39544.43
2576,2276,12,5,6128.06,0.00,30640.30
2577,2277,16,4,7788.75,0.10,28039.50
2578,2278,49,4,1285.41,0.00,5141.64
2579,2279,44,5,574.37,0.10,2584.66
2580,2279,32,2,6846.41,0.15,11638.90
2581,2279,28,1,1710.68,0.05,1625.15
2582,2280,23,4,5182.19,0.20,16583.01
2583,2280,39,5,9473.85,0.00,47369.25
2584,2280,20,3,9682.43,0.00,29047.29
2585,2281,2,5,1634.15,0.20,6536.60
2586,2281,42,2,3873.14,0.00,7746.28
2587,2282,49,1,1285.41,0.20,1028.33
2588,2282,1,2,3639.78,0.20,5823.65
2589,2282,73,5,3759.45,0.05,17857.39
2590,2283,16,2,7788.75,0.05,14798.62
2591,2283,25,4,2080.65,0.05,7906.47
2592,2284,34,1,8204.53,0.20,6563.62
2593,2285,79,2,3279.98,0.10,5903.96
2594,2285,30,5,6182.84,0.10,27822.78
2595,2286,76,1,9503.78,0.10,8553.40
2596,2286,30,2,6182.84,0.00,12365.68
2597,2287,1,2,3639.78,0.20,5823.65
2598,2288,52,4,6709.84,0.15,22813.46
2599,2288,58,3,8336.76,0.10,22509.25
2600,2289,55,2,2684.77,0.00,5369.54
2601,2289,33,4,7739.50,0.00,30958.00
2602,2290,8,1,4724.08,0.15,4015.47
2603,2290,16,1,7788.75,0.00,7788.75
2604,2290,4,4,4745.74,0.15,16135.52
2605,2291,55,5,2684.77,0.00,13423.85
2606,2292,4,1,4745.74,0.05,4508.45
2607,2292,8,4,4724.08,0.00,18896.32
2608,2292,26,5,3097.76,0.00,15488.80
2609,2293,43,1,8422.93,0.00,8422.93
2610,2294,23,1,5182.19,0.20,4145.75
2611,2294,26,1,3097.76,0.00,3097.76
2612,2295,77,3,9497.47,0.10,25643.17
2613,2295,4,2,4745.74,0.00,9491.48
2614,2296,56,4,3578.06,0.10,12881.02
2615,2296,20,1,9682.43,0.05,9198.31
2616,2297,35,4,710.36,0.10,2557.30
2617,2298,58,5,8336.76,0.10,37515.42
2618,2299,70,5,4568.97,0.00,22844.85
2619,2300,6,3,868.21,0.15,2213.94
2620,2301,29,1,627.19,0.00,627.19
2621,2301,60,5,3074.74,0.10,13836.33
2622,2301,16,4,7788.75,0.10,28039.50
2623,2302,37,1,1020.98,0.10,918.88
2624,2302,62,5,2681.47,0.05,12736.98
2625,2303,66,5,5061.79,0.15,21512.61
2626,2303,38,5,9071.00,0.15,38551.75
2627,2303,15,5,3765.20,0.10,16943.40
2628,2304,28,4,1710.68,0.00,6842.72
2629,2305,4,3,4745.74,0.00,14237.22
2630,2306,3,5,7649.11,0.15,32508.72
2631,2306,76,3,9503.78,0.20,22809.07
2632,2307,21,1,3232.90,0.10,2909.61
2633,2308,2,5,1634.15,0.00,8170.75
2634,2308,8,1,4724.08,0.05,4487.88
2635,2309,49,5,1285.41,0.00,6427.05
2636,2310,76,3,9503.78,0.00,28511.34
2637,2310,77,4,9497.47,0.15,32291.40
2638,2311,76,3,9503.78,0.00,28511.34
2639,2312,64,5,1418.86,0.20,5675.44
2640,2313,46,1,2707.05,0.10,2436.35
2641,2313,75,4,857.89,0.00,3431.56
2642,2314,32,3,6846.41,0.15,17458.35
2643,2314,55,1,2684.77,0.05,2550.53
2644,2314,58,5,8336.76,0.05,39599.61
2645,2315,50,2,7240.73,0.00,14481.46
2646,2316,1,5,3639.78,0.15,15469.07
2647,2317,34,4,8204.53,0.10,29536.31
2648,2318,12,3,6128.06,0.00,18384.18
2649,2319,53,1,9542.36,0.00,9542.36
2650,2320,6,3,868.21,0.05,2474.40
2651,2321,64,2,1418.86,0.05,2695.83
2652,2321,16,5,7788.75,0.00,38943.75
2653,2322,73,4,3759.45,0.10,13534.02
2654,2323,34,5,8204.53,0.15,34869.25
2655,2323,74,5,8515.96,0.20,34063.84
2656,2323,6,5,868.21,0.15,3689.89
2657,2324,35,4,710.36,0.15,2415.22
2658,2324,14,2,582.59,0.05,1106.92
2659,2325,69,5,1204.46,0.00,6022.30
2660,2325,75,4,857.89,0.20,2745.25
2661,2325,80,5,452.95,0.10,2038.28
2662,2326,34,3,8204.53,0.20,19690.87
2663,2326,7,1,5994.91,0.00,5994.91
2664,2326,79,2,3279.98,0.20,5247.97
2665,2327,6,3,868.21,0.00,2604.63
2666,2327,10,4,4733.57,0.00,18934.28
2667,2327,55,1,2684.77,0.00,2684.77
2668,2328,17,1,844.94,0.15,718.20
2669,2328,75,3,857.89,0.05,2444.99
2670,2328,48,5,666.94,0.00,3334.70
2671,2329,39,5,9473.85,0.15,40263.86
2672,2330,72,5,2889.64,0.10,13003.38
2673,2330,56,4,3578.06,0.10,12881.02
2674,2331,41,4,5118.67,0.05,19450.95
2675,2331,63,4,8647.96,0.05,32862.25
2676,2332,78,1,5823.43,0.10,5241.09
2677,2332,17,2,844.94,0.05,1605.39
2678,2332,34,4,8204.53,0.10,29536.31
2679,2333,51,3,6224.13,0.15,15871.53
2680,2334,23,2,5182.19,0.05,9846.16
2681,2335,41,5,5118.67,0.00,25593.35
2682,2336,48,5,666.94,0.05,3167.97
2683,2337,51,4,6224.13,0.20,19917.22
2684,2337,64,5,1418.86,0.00,7094.30
2685,2337,26,1,3097.76,0.00,3097.76
2686,2338,22,4,6766.14,0.00,27064.56
2687,2338,19,1,997.72,0.00,997.72
2688,2339,56,3,3578.06,0.20,8587.34
2689,2340,66,2,5061.79,0.05,9617.40
2690,2340,17,1,844.94,0.20,675.95
2691,2341,55,3,2684.77,0.05,7651.59
2692,2342,15,2,3765.20,0.00,7530.40
2693,2343,51,2,6224.13,0.00,12448.26
2694,2343,38,2,9071.00,0.10,16327.80
2695,2344,2,5,1634.15,0.00,8170.75
2696,2344,9,5,8349.63,0.10,37573.33
2697,2345,30,3,6182.84,0.20,14838.82
2698,2345,70,5,4568.97,0.00,22844.85
2699,2345,35,5,710.36,0.00,3551.80
2700,2346,51,4,6224.13,0.10,22406.87
2701,2347,33,3,7739.50,0.05,22057.58
2702,2347,34,4,8204.53,0.00,32818.12
2703,2348,71,1,3644.16,0.00,3644.16
2704,2348,42,2,3873.14,0.20,6197.02
2705,2348,77,1,9497.47,0.00,9497.47
2706,2349,76,5,9503.78,0.15,40391.07
2707,2349,20,5,9682.43,0.00,48412.15
2708,2350,18,3,2668.56,0.10,7205.11
2709,2350,30,1,6182.84,0.00,6182.84
2710,2351,29,5,627.19,0.10,2822.36
2711,2351,21,5,3232.90,0.00,16164.50
2712,2351,31,5,3231.79,0.00,16158.95
2713,2352,27,2,8787.65,0.15,14939.00
2714,2352,66,1,5061.79,0.20,4049.43
2715,2352,74,5,8515.96,0.00,42579.80
2716,2353,23,1,5182.19,0.00,5182.19
2717,2354,6,1,868.21,0.15,737.98
2718,2355,25,3,2080.65,0.10,5617.76
2719,2355,12,3,6128.06,0.00,18384.18
2720,2356,62,3,2681.47,0.10,7239.97
2721,2357,1,2,3639.78,0.20,5823.65
2722,2358,76,4,9503.78,0.10,34213.61
2723,2358,10,3,4733.57,0.00,14200.71
2724,2359,2,4,1634.15,0.05,6209.77
2725,2360,70,3,4568.97,0.00,13706.91
2726,2360,52,5,6709.84,0.15,28516.82
2727,2361,56,4,3578.06,0.15,12165.40
2728,2362,80,4,452.95,0.00,1811.80
2729,2362,50,5,7240.73,0.10,32583.28
2730,2362,2,5,1634.15,0.00,8170.75
2731,2363,63,5,8647.96,0.00,43239.80
2732,2363,47,1,7805.49,0.05,7415.22
2733,2363,76,4,9503.78,0.00,38015.12
2734,2364,31,2,3231.79,0.00,6463.58
2735,2364,12,2,6128.06,0.10,11030.51
2736,2364,46,4,2707.05,0.20,8662.56
2737,2365,48,2,666.94,0.00,1333.88
2738,2365,60,3,3074.74,0.05,8763.01
2739,2365,66,3,5061.79,0.00,15185.37
2740,2366,50,5,7240.73,0.00,36203.65
2741,2366,10,1,4733.57,0.15,4023.53
2742,2367,21,2,3232.90,0.15,5495.93
2743,2368,47,3,7805.49,0.00,23416.47
2744,2368,14,5,582.59,0.05,2767.30
2745,2369,1,5,3639.78,0.00,18198.90
2746,2370,52,2,6709.84,0.20,10735.74
2747,2370,44,4,574.37,0.05,2182.61
2748,2370,7,4,5994.91,0.00,23979.64
2749,2371,79,3,3279.98,0.20,7871.95
2750,2371,36,1,7170.73,0.00,7170.73
2751,2371,12,4,6128.06,0.15,20835.40
2752,2372,54,1,8757.65,0.10,7881.89
2753,2373,8,1,4724.08,0.00,4724.08
2754,2373,74,3,8515.96,0.00,25547.88
2755,2373,79,2,3279.98,0.10,5903.96
2756,2374,6,3,868.21,0.00,2604.63
2757,2374,57,1,633.49,0.15,538.47
2758,2374,18,2,2668.56,0.00,5337.12
2759,2375,33,1,7739.50,0.15,6578.57
2760,2375,74,3,8515.96,0.15,21715.70
2761,2376,53,5,9542.36,0.15,40555.03
2762,2376,74,2,8515.96,0.10,15328.73
2763,2377,12,5,6128.06,0.20,24512.24
2764,2377,66,2,5061.79,0.10,9111.22
2765,2378,43,1,8422.93,0.00,8422.93
2766,2378,46,5,2707.05,0.20,10828.20
2767,2379,47,4,7805.49,0.05,29660.86
2768,2380,70,4,4568.97,0.00,18275.88
2769,2380,55,4,2684.77,0.00,10739.08
2770,2381,41,2,5118.67,0.10,9213.61
2771,2382,57,3,633.49,0.20,1520.38
2772,2382,7,4,5994.91,0.05,22780.66
2773,2383,27,5,8787.65,0.00,43938.25
2774,2384,40,1,9317.62,0.20,7454.10
2775,2384,77,1,9497.47,0.00,9497.47
2776,2385,3,2,7649.11,0.05,14533.31
2777,2385,38,4,9071.00,0.20,29027.20
2778,2385,50,1,7240.73,0.20,5792.58
2779,2386,35,1,710.36,0.20,568.29
2780,2386,23,1,5182.19,0.00,5182.19
2781,2387,54,1,8757.65,0.00,8757.65
2782,2388,76,3,9503.78,0.10,25660.21
2783,2388,80,3,452.95,0.00,1358.85
2784,2388,57,3,633.49,0.00,1900.47
2785,2389,76,3,9503.78,0.20,22809.07
2786,2389,4,2,4745.74,0.20,7593.18
2787,2390,2,2,1634.15,0.20,2614.64
2788,2390,75,1,857.89,0.00,857.89
2789,2390,36,3,7170.73,0.00,21512.19
2790,2391,39,5,9473.85,0.00,47369.25
2791,2391,29,3,627.19,0.15,1599.33
2792,2391,79,2,3279.98,0.15,5575.97
2793,2392,50,1,7240.73,0.00,7240.73
2794,2392,8,4,4724.08,0.10,17006.69
2795,2393,70,4,4568.97,0.20,14620.70
2796,2394,17,2,844.94,0.20,1351.90
2797,2394,25,5,2080.65,0.05,9883.09
2798,2395,63,4,8647.96,0.10,31132.66
2799,2395,21,3,3232.90,0.05,9213.76
2800,2396,49,3,1285.41,0.05,3663.42
2801,2397,24,5,1965.58,0.00,9827.90
2802,2397,24,5,1965.58,0.20,7862.32
2803,2398,5,5,8668.62,0.00,43343.10
2804,2399,53,5,9542.36,0.05,45326.21
2805,2399,32,1,6846.41,0.00,6846.41
2806,2399,15,1,3765.20,0.10,3388.68
2807,2400,59,3,8151.68,0.15,20786.78
2808,2400,72,5,2889.64,0.10,13003.38
2809,2401,51,1,6224.13,0.00,6224.13
2810,2402,46,5,2707.05,0.00,13535.25
2811,2402,10,3,4733.57,0.10,12780.64
2812,2403,45,2,4595.29,0.00,9190.58
2813,2404,22,1,6766.14,0.05,6427.83
2814,2404,68,1,6103.04,0.15,5187.58
2815,2404,74,4,8515.96,0.20,27251.07
2816,2405,65,4,7483.42,0.00,29933.68
2817,2406,61,2,3291.84,0.20,5266.94
2818,2406,13,4,4614.13,0.15,15688.04
2819,2406,67,1,8050.25,0.20,6440.20
2820,2407,78,2,5823.43,0.15,9899.83
2821,2407,75,4,857.89,0.00,3431.56
2822,2408,62,2,2681.47,0.00,5362.94
2823,2409,30,2,6182.84,0.20,9892.54
2824,2409,20,1,9682.43,0.05,9198.31
2825,2409,12,3,6128.06,0.05,17464.97
2826,2410,54,3,8757.65,0.15,22332.01
2827,2411,27,1,8787.65,0.05,8348.27
2828,2411,20,2,9682.43,0.00,19364.86
2829,2411,17,4,844.94,0.10,3041.78
2830,2412,6,2,868.21,0.15,1475.96
2831,2413,1,1,3639.78,0.05,3457.79
2832,2414,79,5,3279.98,0.00,16399.90
2833,2415,10,4,4733.57,0.05,17987.57
2834,2415,49,5,1285.41,0.00,6427.05
2835,2415,21,5,3232.90,0.20,12931.60
2836,2416,9,5,8349.63,0.10,37573.33
2837,2416,51,2,6224.13,0.00,12448.26
2838,2417,47,4,7805.49,0.15,26538.67
2839,2418,51,2,6224.13,0.00,12448.26
2840,2418,74,5,8515.96,0.10,38321.82
2841,2418,47,3,7805.49,0.00,23416.47
2842,2419,51,2,6224.13,0.20,9958.61
2843,2419,40,5,9317.62,0.00,46588.10
2844,2420,59,2,8151.68,0.00,16303.36
2845,2421,33,2,7739.50,0.10,13931.10
2846,2422,66,5,5061.79,0.20,20247.16
2847,2422,6,5,868.21,0.20,3472.84
2848,2422,64,5,1418.86,0.20,5675.44
2849,2423,11,5,9107.69,0.15,38707.68
2850,2423,49,3,1285.41,0.00,3856.23
2851,2424,47,1,7805.49,0.05,7415.22
2852,2425,31,1,3231.79,0.00,3231.79
2853,2425,47,5,7805.49,0.10,35124.71
2854,2425,52,1,6709.84,0.05,6374.35
2855,2426,52,5,6709.84,0.20,26839.36
2856,2426,35,3,710.36,0.00,2131.08
2857,2427,77,5,9497.47,0.10,42738.61
2858,2427,9,4,8349.63,0.00,33398.52
2859,2428,69,1,1204.46,0.15,1023.79
2860,2429,19,3,997.72,0.05,2843.50
2861,2429,74,4,8515.96,0.10,30657.46
2862,2429,39,4,9473.85,0.00,37895.40
2863,2430,76,1,9503.78,0.05,9028.59
2864,2430,24,4,1965.58,0.00,7862.32
2865,2431,15,3,3765.20,0.05,10730.82
2866,2431,40,2,9317.62,0.20,14908.19
2867,2432,3,1,7649.11,0.15,6501.74
2868,2433,48,5,666.94,0.10,3001.23
2869,2434,36,2,7170.73,0.10,12907.31
2870,2434,65,4,7483.42,0.05,28437.00
2871,2434,35,4,710.36,0.00,2841.44
2872,2435,19,2,997.72,0.10,1795.90
2873,2435,60,4,3074.74,0.00,12298.96
2874,2436,1,1,3639.78,0.05,3457.79
2875,2436,8,1,4724.08,0.20,3779.26
2876,2437,67,1,8050.25,0.00,8050.25
2877,2437,4,2,4745.74,0.10,8542.33
2878,2437,23,2,5182.19,0.00,10364.38
2879,2438,78,3,5823.43,0.00,17470.29
2880,2439,16,2,7788.75,0.10,14019.75
2881,2440,77,2,9497.47,0.15,16145.70
2882,2441,28,2,1710.68,0.00,3421.36
2883,2441,22,2,6766.14,0.20,10825.82
2884,2441,57,2,633.49,0.20,1013.58
2885,2442,29,3,627.19,0.00,1881.57
2886,2442,17,2,844.94,0.10,1520.89
2887,2443,7,5,5994.91,0.10,26977.10
2888,2444,26,4,3097.76,0.00,12391.04
2889,2445,71,2,3644.16,0.15,6195.07
2890,2445,72,2,2889.64,0.20,4623.42
2891,2446,62,2,2681.47,0.05,5094.79
2892,2446,57,3,633.49,0.00,1900.47
2893,2447,14,5,582.59,0.05,2767.30
2894,2448,8,4,4724.08,0.00,18896.32
2895,2448,80,3,452.95,0.00,1358.85
2896,2449,15,5,3765.20,0.00,18826.00
2897,2450,1,4,3639.78,0.20,11647.30
2898,2451,2,1,1634.15,0.00,1634.15
2899,2452,61,3,3291.84,0.10,8887.97
2900,2452,9,3,8349.63,0.20,20039.11
2901,2452,36,4,7170.73,0.00,28682.92
2902,2453,55,3,2684.77,0.00,8054.31
2903,2454,73,1,3759.45,0.15,3195.53
2904,2455,24,1,1965.58,0.10,1769.02
2905,2455,1,2,3639.78,0.00,7279.56
2906,2456,18,1,2668.56,0.00,2668.56
2907,2457,73,4,3759.45,0.10,13534.02
2908,2457,5,5,8668.62,0.15,36841.64
2909,2457,61,2,3291.84,0.00,6583.68
2910,2458,17,4,844.94,0.20,2703.81
2911,2459,80,4,452.95,0.20,1449.44
2912,2459,70,4,4568.97,0.05,17362.09
2913,2459,31,2,3231.79,0.20,5170.86
2914,2460,4,5,4745.74,0.20,18982.96
2915,2461,76,1,9503.78,0.05,9028.59
2916,2462,59,3,8151.68,0.10,22009.54
2917,2462,1,1,3639.78,0.00,3639.78
2918,2462,18,4,2668.56,0.15,9073.10
2919,2463,74,4,8515.96,0.15,28954.26
2920,2463,58,3,8336.76,0.00,25010.28
2921,2464,5,1,8668.62,0.10,7801.76
2922,2464,32,3,6846.41,0.05,19512.27
2923,2465,79,2,3279.98,0.10,5903.96
2924,2465,57,1,633.49,0.00,633.49
2925,2466,48,5,666.94,0.10,3001.23
2926,2467,60,4,3074.74,0.20,9839.17
2927,2468,80,5,452.95,0.15,1925.04
2928,2468,43,5,8422.93,0.10,37903.19
2929,2468,45,3,4595.29,0.10,12407.28
2930,2469,40,3,9317.62,0.00,27952.86
2931,2470,34,3,8204.53,0.15,20921.55
2932,2470,58,3,8336.76,0.00,25010.28
2933,2470,74,3,8515.96,0.10,22993.09
2934,2471,43,5,8422.93,0.10,37903.19
2935,2471,17,5,844.94,0.20,3379.76
2936,2471,62,2,2681.47,0.15,4558.50
2937,2472,58,2,8336.76,0.00,16673.52
2938,2472,23,1,5182.19,0.10,4663.97
2939,2472,6,4,868.21,0.05,3299.20
2940,2473,61,5,3291.84,0.00,16459.20
2941,2473,17,1,844.94,0.00,844.94
2942,2474,19,5,997.72,0.00,4988.60
2943,2475,60,3,3074.74,0.10,8301.80
2944,2476,61,1,3291.84,0.15,2798.06
2945,2476,56,1,3578.06,0.15,3041.35
2946,2477,42,4,3873.14,0.10,13943.30
2947,2477,29,1,627.19,0.00,627.19
2948,2477,29,5,627.19,0.15,2665.56
2949,2478,18,1,2668.56,0.00,2668.56
2950,2479,14,1,582.59,0.05,553.46
2951,2480,71,3,3644.16,0.20,8745.98
2952,2481,12,4,6128.06,0.10,22061.02
2953,2481,37,1,1020.98,0.10,918.88
2954,2481,34,2,8204.53,0.00,16409.06
2955,2482,7,2,5994.91,0.00,11989.82
2956,2482,72,5,2889.64,0.05,13725.79
2957,2483,26,2,3097.76,0.00,6195.52
2958,2484,52,5,6709.84,0.00,33549.20
2959,2484,28,2,1710.68,0.00,3421.36
2960,2485,9,1,8349.63,0.20,6679.70
2961,2485,55,4,2684.77,0.05,10202.13
2962,2486,32,1,6846.41,0.00,6846.41
2963,2486,36,3,7170.73,0.00,21512.19
2964,2487,4,2,4745.74,0.05,9016.91
2965,2488,3,1,7649.11,0.10,6884.20
2966,2488,21,2,3232.90,0.20,5172.64
2967,2488,17,3,844.94,0.00,2534.82
2968,2489,14,4,582.59,0.20,1864.29
2969,2489,64,3,1418.86,0.05,4043.75
2970,2489,53,1,9542.36,0.15,8111.01
2971,2490,57,2,633.49,0.20,1013.58
2972,2490,61,2,3291.84,0.05,6254.50
2973,2490,65,1,7483.42,0.00,7483.42
2974,2491,37,3,1020.98,0.15,2603.50
2975,2491,19,2,997.72,0.10,1795.90
2976,2491,32,2,6846.41,0.10,12323.54
2977,2492,68,4,6103.04,0.15,20750.34
2978,2493,7,4,5994.91,0.05,22780.66
2979,2493,5,2,8668.62,0.15,14736.65
2980,2494,15,4,3765.20,0.00,15060.80
2981,2494,23,2,5182.19,0.00,10364.38
2982,2495,24,2,1965.58,0.00,3931.16
2983,2495,47,3,7805.49,0.00,23416.47
2984,2496,49,2,1285.41,0.00,2570.82
2985,2496,1,5,3639.78,0.00,18198.90
2986,2496,26,3,3097.76,0.05,8828.62
2987,2497,43,1,8422.93,0.05,8001.78
2988,2497,60,1,3074.74,0.00,3074.74
2989,2497,2,3,1634.15,0.15,4167.08
2990,2498,58,4,8336.76,0.05,31679.69
2991,2498,80,2,452.95,0.10,815.31
2992,2498,55,2,2684.77,0.00,5369.54
2993,2499,41,2,5118.67,0.00,10237.34
2994,2499,46,5,2707.05,0.00,13535.25
2995,2500,78,2,5823.43,0.00,11646.86
1,1001,50,5,7240.73,0.00,36203.65
2,1001,34,3,8204.53,0.20,19690.87
3,1001,58,2,8336.76,0.15,14172.49
18,1009,70,3,4568.97,0.20,10965.53
